date,value,ws,wd
2018-01-01 00:00:00,262.32,0.0,0.0
2018-01-01 01:00:00,217.72,0.0,0.0
2018-01-01 02:00:00,209.62,0.0,0.0
2018-01-01 03:00:00,155.41,0.0,0.0
2018-01-01 04:00:00,167.47,0.0,0.0
2018-01-01 05:00:00,217.15,0.86,260.0
2018-01-01 06:00:00,274.86,0.86,260.0
2018-01-01 07:00:00,306.13,0.0,0.0
2018-01-01 08:00:00,252.82,0.0,0.0
2018-01-01 09:00:00,145.62,0.0,0.0
2018-01-01 10:00:00,141.74,0.0,0.0
2018-01-01 11:00:00,118.28,0.0,0.0
2018-01-01 12:00:00,284.93,0.0,0.0
2018-01-01 13:00:00,376.72,1.68,281.0
2018-01-01 14:00:00,363.38,2.87,284.0
2018-01-01 15:00:00,317.02,4.09,297.0
2018-01-01 16:00:00,312.46,4.59,300.0
2018-01-01 17:00:00,327.14,2.88,300.0
2018-01-01 18:00:00,435.52,2.62,329.0
2018-01-01 19:00:00,283.81,3.36,350.0
2018-01-01 20:00:00,171.25,2.84,341.0
2018-01-01 21:00:00,172.87,1.2,330.0
2018-01-01 22:00:00,172.75,0.0,0.0
2018-01-01 23:00:00,203.63,1.2,260.0
2018-01-02 00:00:00,238.83,2.7,283.0
2018-01-02 01:00:00,232.09,4.02,300.0
2018-01-02 02:00:00,198.45,4.61,302.0
2018-01-02 03:00:00,184.21,4.58,296.0
2018-01-02 04:00:00,186.8,4.67,285.0
2018-01-02 05:00:00,203.29,3.74,284.0
2018-01-02 06:00:00,205.31,3.03,301.0
2018-01-02 07:00:00,199.04,3.96,298.0
2018-01-02 08:00:00,260.76,3.63,289.0
2018-01-02 09:00:00,218.55,2.92,278.0
2018-01-02 10:00:00,179.93,4.02,270.0
2018-01-02 11:00:00,158.99,3.12,262.0
2018-01-02 12:00:00,202.1,3.68,263.0
2018-01-02 13:00:00,184.44,4.44,281.0
2018-01-02 14:00:00,206.54,2.87,304.0
2018-01-02 15:00:00,307.77,2.98,262.0
2018-01-02 16:00:00,325.19,5.08,257.0
2018-01-02 17:00:00,273.695,3.73,266.0
2018-01-03 09:00:00,167.65,4.91,276.0
2018-01-03 18:00:00,223.96,4.35,258.0
2018-01-03 19:00:00,145.96,3.89,247.0
2018-01-03 20:00:00,117.64,3.12,228.0
2018-01-03 21:00:00,71.34,3.39,260.0
2018-01-03 22:00:00,75.04,3.97,289.0
2018-01-03 23:00:00,87.14,1.68,300.0
2018-01-04 00:00:00,83.34,0.0,0.0
2018-01-04 01:00:00,85.72,0.0,0.0
2018-01-04 02:00:00,81.87,0.0,0.0
2018-01-04 03:00:00,73.98,0.0,0.0
2018-01-04 04:00:00,90.11,1.68,260.0
2018-01-04 05:00:00,125.55,3.07,264.0
2018-01-04 06:00:00,158.49,3.73,263.0
2018-01-04 07:00:00,257.15,4.69,260.0
2018-01-04 08:00:00,227.69,3.19,262.0
2018-01-04 09:00:00,181.8,3.12,248.0
2018-01-04 10:00:00,223.12,4.01,244.0
2018-01-04 11:00:00,355.03,2.55,226.0
2018-01-04 12:00:00,267.51,1.95,251.0
2018-01-04 13:00:00,236.84,3.8,267.0
2018-01-04 14:00:00,235.65,3.23,241.0
2018-01-04 15:00:00,217.02,2.41,109.0
2018-01-04 16:00:00,275.44,6.9,84.0
2018-01-04 17:00:00,282.45,6.15,78.0
2018-01-04 18:00:00,315.58,5.36,97.0
2018-01-04 19:00:00,229.08,6.38,110.0
2018-01-04 20:00:00,171.54,5.23,114.0
2018-01-04 21:00:00,161.41,4.69,120.0
2018-01-04 23:00:00,182.33,4.99,64.0
2018-01-05 00:00:00,152.11,5.21,81.0
2018-01-05 01:00:00,160.94,5.08,93.0
2018-01-05 02:00:00,143.84,5.4,124.0
2018-01-05 03:00:00,147.46,7.15,126.0
2018-01-05 04:00:00,148.96,6.34,124.0
2018-01-05 05:00:00,193.22,3.98,122.0
2018-01-05 06:00:00,194.7,3.91,127.0
2018-01-05 07:00:00,172.26,4.67,135.0
2018-01-05 08:00:00,119.18,4.01,134.0
2018-01-05 09:00:00,77.63,3.8,117.0
2018-01-05 10:00:00,88.98,4.01,96.0
2018-01-05 11:00:00,278.56,3.92,94.0
2018-01-05 12:00:00,212.71,4.12,124.0
2018-01-05 13:00:00,193.63,4.67,155.0
2018-01-05 14:00:00,215.5,3.65,145.0
2018-01-05 15:00:00,207.61,4.42,127.0
2018-01-05 16:00:00,233.87,5.99,108.0
2018-01-05 17:00:00,277.51,5.17,83.0
2018-01-05 18:00:00,272.49,5.17,83.0
2018-01-05 19:00:00,261.07,4.87,103.0
2018-01-05 21:00:00,110.33,3.41,135.0
2018-01-05 22:00:00,183.6,3.15,110.0
2018-01-05 23:00:00,191.64,2.53,94.0
2018-01-06 00:00:00,177.44,2.24,141.0
2018-01-06 01:00:00,192.3,1.68,161.0
2018-01-06 02:00:00,207.53,0.0,0.0
2018-01-06 03:00:00,147.0,0.0,0.0
2018-01-06 04:00:00,146.27,0.0,0.0
2018-01-06 05:00:00,146.64,0.0,0.0
2018-01-06 06:00:00,183.97,1.68,281.0
2018-01-06 07:00:00,194.52,3.3,270.0
2018-01-06 08:00:00,251.63,2.53,256.0
2018-01-06 09:00:00,264.0,2.46,270.0
2018-01-06 10:00:00,198.36,3.15,260.0
2018-01-06 11:00:00,146.17,3.49,257.0
2018-01-06 12:00:00,100.57,4.22,260.0
2018-01-06 13:00:00,105.26,5.49,274.0
2018-01-06 14:00:00,156.9,6.55,288.0
2018-01-06 15:00:00,191.47,6.41,299.0
2018-01-06 16:00:00,250.93,6.38,311.0
2018-01-06 17:00:00,346.95,5.06,301.0
2018-01-06 18:00:00,286.84,3.9,294.0
2018-01-06 19:00:00,210.23,1.68,300.0
2018-01-06 20:00:00,270.35,0.86,281.0
2018-01-06 21:00:00,174.17,2.53,274.0
2018-01-06 22:00:00,133.34,1.68,270.0
2018-01-06 23:00:00,222.02,1.61,236.0
2018-01-07 00:00:00,207.1,3.14,253.0
2018-01-07 01:00:00,227.87,3.36,270.0
2018-01-07 02:00:00,183.32,3.65,265.0
2018-01-07 03:00:00,140.76,3.65,261.0
2018-01-07 04:00:00,76.0,3.35,255.0
2018-01-07 05:00:00,97.79,3.36,251.0
2018-01-07 06:00:00,113.17,4.02,251.0
2018-01-07 07:00:00,95.33,4.67,245.0
2018-01-07 08:00:00,43.95,4.65,240.0
2018-01-07 09:00:00,35.8,5.69,252.0
2018-01-07 10:00:00,48.33,7.49,260.0
2018-01-07 11:00:00,47.77,8.58,265.0
2018-01-07 12:00:00,53.5,9.15,275.0
2018-01-07 13:00:00,63.65,10.94,286.0
2018-01-07 14:00:00,130.3,11.22,292.0
2018-01-07 15:00:00,260.04,10.47,287.0
2018-01-07 16:00:00,262.29,11.39,281.0
2018-01-07 17:00:00,209.47,9.06,285.0
2018-01-07 18:00:00,158.13,7.13,274.0
2018-01-07 19:00:00,146.89,6.91,256.0
2018-01-07 20:00:00,188.71,4.89,256.0
2018-01-07 21:00:00,180.76,5.47,268.0
2018-01-07 22:00:00,189.96,6.38,270.0
2018-01-07 23:00:00,186.64,3.68,263.0
2018-01-08 00:00:00,164.81,2.5,253.0
2018-01-08 01:00:00,160.82,3.35,255.0
2018-01-08 02:00:00,114.2,3.36,251.0
2018-01-08 03:00:00,116.08,3.3,240.0
2018-01-08 04:00:00,173.71,4.02,230.0
2018-01-08 05:00:00,177.37,3.19,232.0
2018-01-08 06:00:00,135.28,2.53,247.0
2018-01-08 07:00:00,93.71,3.34,245.0
2018-01-08 08:00:00,32.09,3.05,247.0
2018-01-08 09:00:00,31.99,3.71,246.0
2018-01-08 10:00:00,55.88,4.67,245.0
2018-01-08 11:00:00,45.85,5.73,262.0
2018-01-08 12:00:00,52.03,6.83,280.0
2018-01-08 13:00:00,69.18,6.38,290.0
2018-01-08 14:00:00,108.54,6.88,285.0
2018-01-08 15:00:00,254.44,8.01,281.0
2018-01-08 16:00:00,261.73,8.01,275.0
2018-01-08 17:00:00,214.87,6.03,273.0
2018-01-08 18:00:00,261.31,3.65,271.0
2018-01-08 20:00:00,274.13,0.0,0.0
2018-01-08 21:00:00,355.8,0.0,0.0
2018-01-08 22:00:00,283.27,0.0,0.0
2018-01-08 23:00:00,228.83,0.0,0.0
2018-01-09 00:00:00,191.7,0.0,0.0
2018-01-09 01:00:00,201.37,0.0,0.0
2018-01-09 02:00:00,152.61,0.0,0.0
2018-01-09 03:00:00,144.22,0.0,0.0
2018-01-09 04:00:00,217.53,0.0,0.0
2018-01-09 05:00:00,204.03,0.55,270.0
2018-01-09 06:00:00,143.0,0.55,270.0
2018-01-09 07:00:00,94.05,0.0,0.0
2018-01-09 08:00:00,63.82,0.82,251.0
2018-01-09 09:00:00,69.25,3.69,266.0
2018-01-09 10:00:00,72.91,5.25,270.0
2018-01-09 11:00:00,110.22,7.38,276.0
2018-01-09 12:00:00,117.3,9.65,280.0
2018-01-09 13:00:00,130.64,9.05,290.0
2018-01-09 14:00:00,181.42,9.43,295.0
2018-01-09 15:00:00,218.71,9.88,279.0
2018-01-09 16:00:00,195.16,10.25,275.0
2018-01-09 17:00:00,145.57,7.65,275.0
2018-01-09 18:00:00,210.59,5.49,261.0
2018-01-09 19:00:00,152.42,5.18,251.0
2018-01-09 20:00:00,257.0,3.12,248.0
2018-01-09 21:00:00,247.92,2.4,243.0
2018-01-09 22:00:00,278.35,1.68,230.0
2018-01-09 23:00:00,202.44,0.0,0.0
2018-01-10 00:00:00,162.01,1.68,240.0
2018-01-10 01:00:00,165.08,3.36,240.0
2018-01-10 02:00:00,122.43,2.53,244.0
2018-01-10 03:00:00,116.85,2.53,256.0
2018-01-10 04:00:00,130.28,4.02,260.0
2018-01-10 05:00:00,132.67,4.67,255.0
2018-01-10 06:00:00,134.96,5.25,251.0
2018-01-10 07:00:00,94.76,5.23,246.0
2018-01-10 08:00:00,63.54,5.79,246.0
2018-01-10 09:00:00,72.3,7.94,262.0
2018-01-10 10:00:00,59.43,9.7,276.0
2018-01-10 11:00:00,60.52,10.81,278.0
2018-01-10 12:00:00,76.59,12.6,278.0
2018-01-10 13:00:00,96.57,13.88,281.0
2018-01-10 14:00:00,198.29,14.11,285.0
2018-01-10 15:00:00,241.98,14.11,285.0
2018-01-10 16:00:00,232.72,13.32,281.0
2018-01-10 17:00:00,215.29,9.26,277.0
2018-01-10 18:00:00,200.31,6.38,270.0
2018-01-10 19:00:00,206.43,6.9,265.0
2018-01-10 20:00:00,197.71,5.79,264.0
2018-01-10 21:00:00,167.59,4.24,261.0
2018-01-10 23:00:00,137.1,2.18,265.0
2018-01-11 00:00:00,116.25,2.6,258.0
2018-01-11 01:00:00,160.27,2.69,246.0
2018-01-11 02:00:00,134.64,2.5,257.0
2018-01-11 03:00:00,105.68,3.4,264.0
2018-01-11 04:00:00,132.75,3.9,255.0
2018-01-11 05:00:00,126.04,4.63,262.0
2018-01-11 06:00:00,110.18,4.63,262.0
2018-01-11 07:00:00,72.35,3.52,255.0
2018-01-11 08:00:00,54.84,4.47,266.0
2018-01-11 09:00:00,67.26,5.97,265.0
2018-01-11 10:00:00,66.69,6.15,265.0
2018-01-11 11:00:00,47.6,7.68,270.0
2018-01-11 12:00:00,44.62,8.39,275.0
2018-01-11 13:00:00,82.08,7.66,281.0
2018-01-11 14:00:00,110.68,10.74,286.0
2018-01-11 15:00:00,109.58,10.0,287.0
2018-01-11 16:00:00,122.68,6.18,281.0
2018-01-11 17:00:00,182.43,5.97,275.0
2018-01-11 18:00:00,177.88,5.25,270.0
2018-01-11 19:00:00,167.78,3.9,266.0
2018-01-11 20:00:00,165.7,3.21,265.0
2018-01-11 21:00:00,175.01,2.77,266.0
2018-01-11 22:00:00,146.22,2.25,255.0
2018-01-11 23:00:00,97.5,1.13,251.0
2018-01-12 00:00:00,111.97,1.13,240.0
2018-01-12 01:00:00,140.23,1.13,240.0
2018-01-12 02:00:00,102.16,1.12,251.0
2018-01-12 03:00:00,99.13,2.25,251.0
2018-01-12 04:00:00,112.23,2.23,260.0
2018-01-12 05:00:00,101.84,2.25,270.0
2018-01-12 06:00:00,113.65,2.22,260.0
2018-01-12 07:00:00,103.48,2.26,251.0
2018-01-12 08:00:00,95.07,2.37,261.0
2018-01-12 09:00:00,70.26,3.5,251.0
2018-01-12 10:00:00,78.81,4.59,250.0
2018-01-12 11:00:00,40.98,6.33,266.0
2018-01-12 12:00:00,76.15,6.35,270.0
2018-01-12 13:00:00,93.67,5.34,281.0
2018-01-12 14:00:00,97.48,7.01,278.0
2018-01-12 16:00:00,266.08,5.77,276.0
2018-01-12 17:00:00,239.85,3.43,270.0
2018-01-12 18:00:00,228.88,2.3,270.0
2018-01-12 19:00:00,236.79,2.7,270.0
2018-01-12 21:00:00,228.24,0.0,0.0
2018-01-12 22:00:00,190.29,0.0,0.0
2018-01-12 23:00:00,187.81,0.0,0.0
2018-01-13 00:00:00,193.03,0.0,0.0
2018-01-13 01:00:00,246.23,0.0,0.0
2018-01-13 02:00:00,249.54,0.0,0.0
2018-01-13 03:00:00,224.27,0.0,0.0
2018-01-13 04:00:00,160.74,0.0,0.0
2018-01-13 05:00:00,177.95,0.0,0.0
2018-01-13 06:00:00,133.5,0.0,0.0
2018-01-13 07:00:00,71.32,0.0,0.0
2018-01-13 08:00:00,77.3,0.0,0.0
2018-01-13 09:00:00,76.69,1.58,260.0
2018-01-13 10:00:00,105.31,2.7,256.0
2018-01-13 11:00:00,67.99,3.83,264.0
2018-01-13 12:00:00,57.66,5.57,280.0
2018-01-13 13:00:00,76.22,5.59,295.0
2018-01-13 14:00:00,92.85,6.7,296.0
2018-01-13 15:00:00,148.01,7.09,291.0
2018-01-13 16:00:00,212.05,6.52,295.0
2018-01-13 17:00:00,279.26,4.57,297.0
2018-01-13 18:00:00,253.97,2.12,270.0
2018-01-13 19:00:00,252.08,1.86,258.0
2018-01-13 20:00:00,337.24,0.75,270.0
2018-01-13 21:00:00,302.95,0.0,0.0
2018-01-13 22:00:00,257.05,0.0,0.0
2018-01-13 23:00:00,139.06,0.0,0.0
2018-01-14 00:00:00,79.39,0.0,0.0
2018-01-14 01:00:00,116.22,0.0,0.0
2018-01-14 02:00:00,104.19,0.0,0.0
2018-01-14 03:00:00,109.48,0.0,0.0
2018-01-14 04:00:00,142.98,0.0,0.0
2018-01-14 05:00:00,111.24,0.0,0.0
2018-01-14 06:00:00,83.59,1.13,260.0
2018-01-14 07:00:00,80.68,2.18,245.0
2018-01-14 09:00:00,59.58,1.96,260.0
2018-01-14 10:00:00,50.71,4.28,255.0
2018-01-14 11:00:00,49.07,5.0,261.0
2018-01-14 12:00:00,53.62,5.45,270.0
2018-01-14 13:00:00,82.04,5.41,270.0
2018-01-14 14:00:00,92.39,7.16,270.0
2018-01-14 15:00:00,130.69,7.8,279.0
2018-01-14 17:00:00,245.58,5.25,269.0
2018-01-14 19:00:00,259.65,2.18,255.0
2018-01-14 20:00:00,230.05,1.13,240.0
2018-01-14 21:00:00,181.46,0.0,0.0
2018-01-14 23:00:00,306.98,0.0,0.0
2018-01-15 00:00:00,175.58,0.0,0.0
2018-01-15 01:00:00,114.07,0.0,0.0
2018-01-15 02:00:00,140.66,0.0,0.0
2018-01-15 03:00:00,156.67,0.0,0.0
2018-01-15 04:00:00,160.28,0.0,0.0
2018-01-15 05:00:00,122.2,0.0,0.0
2018-01-15 06:00:00,74.53,0.0,0.0
2018-01-15 08:00:00,5.62,3.49,259.0
2018-01-15 09:00:00,20.72,3.53,264.0
2018-01-15 10:00:00,36.78,5.98,260.0
2018-01-15 11:00:00,35.89,7.46,264.0
2018-01-15 12:00:00,99.91,7.05,286.0
2018-01-15 13:00:00,128.22,8.09,294.0
2018-01-15 14:00:00,133.92,8.5,280.0
2018-01-15 15:00:00,107.56,7.66,289.0
2018-01-15 16:00:00,105.25,6.69,297.0
2018-01-15 17:00:00,162.39,5.41,284.0
2018-01-15 18:00:00,179.42,4.66,285.0
2018-01-15 19:00:00,108.26,4.66,281.0
2018-01-15 20:00:00,91.03,3.9,276.0
2018-01-15 21:00:00,87.02,3.54,270.0
2018-01-15 22:00:00,71.47,4.85,264.0
2018-01-15 23:00:00,85.28,5.23,264.0
2018-01-16 00:00:00,119.61,4.65,275.0
2018-01-16 01:00:00,89.27,4.95,269.0
2018-01-16 02:00:00,63.33,6.15,265.0
2018-01-16 03:00:00,56.76,6.17,270.0
2018-01-16 04:00:00,73.11,6.15,264.0
2018-01-16 05:00:00,102.75,6.36,255.0
2018-01-16 06:00:00,109.22,5.23,255.0
2018-01-16 07:00:00,73.18,4.64,265.0
2018-01-16 08:00:00,52.94,5.24,270.0
2018-01-16 09:00:00,60.47,5.62,270.0
2018-01-16 10:00:00,61.71,5.79,270.0
2018-01-16 11:00:00,52.79,7.04,270.0
2018-01-16 12:00:00,61.58,7.01,265.0
2018-01-16 13:00:00,69.98,7.56,272.0
2018-01-16 14:00:00,116.01,6.56,293.0
2018-01-16 15:00:00,129.47,4.21,310.0
2018-01-16 16:00:00,168.27,3.91,300.0
2018-01-16 17:00:00,273.13,2.61,292.0
2018-01-16 18:00:00,227.08,0.73,270.0
2018-01-16 19:00:00,206.92,0.0,0.0
2018-01-16 20:00:00,143.13,0.0,0.0
2018-01-16 21:00:00,208.01,0.0,0.0
2018-01-16 22:00:00,206.77,0.0,0.0
2018-01-16 23:00:00,161.81,0.0,0.0
2018-01-17 00:00:00,251.89,0.0,0.0
2018-01-17 01:00:00,221.51,1.13,80.0
2018-01-17 02:00:00,202.54,2.69,86.0
2018-01-17 03:00:00,181.24,3.14,95.0
2018-01-17 04:00:00,198.52,3.15,101.0
2018-01-17 05:00:00,178.74,1.58,101.0
2018-01-17 06:00:00,208.95,1.96,120.0
2018-01-17 07:00:00,156.16,3.91,120.0
2018-01-17 08:00:00,132.81,4.71,102.0
2018-01-17 09:00:00,137.67,5.53,99.0
2018-01-17 10:00:00,114.2,5.39,115.0
2018-01-17 11:00:00,83.44,4.98,129.0
2018-01-17 12:00:00,139.04,5.43,140.0
2018-01-17 13:00:00,160.9,5.79,140.0
2018-01-17 14:00:00,209.14,5.89,125.0
2018-01-17 15:00:00,224.48,5.98,121.0
2018-01-17 16:00:00,231.21,5.39,125.0
2018-01-17 17:00:00,213.12,2.71,120.0
2018-01-17 18:00:00,236.92,2.33,101.0
2018-01-17 19:00:00,255.87,4.65,105.0
2018-01-17 20:00:00,283.08,2.33,110.0
2018-01-17 21:00:00,276.97,1.96,101.0
2018-01-17 22:00:00,249.16,3.78,86.0
2018-01-17 23:00:00,246.35,1.96,71.0
2018-01-18 00:00:00,231.22,1.13,101.0
2018-01-18 01:00:00,242.43,2.25,95.0
2018-01-18 02:00:00,231.76,1.13,90.0
2018-01-18 04:00:00,267.89,0.75,110.0
2018-01-18 05:00:00,229.84,0.75,110.0
2018-01-18 06:00:00,120.61,0.0,0.0
2018-01-18 07:00:00,86.57,0.0,0.0
2018-01-18 08:00:00,95.33,0.0,0.0
2018-01-18 09:00:00,91.87,0.0,0.0
2018-01-18 10:00:00,108.39,2.34,200.0
2018-01-18 11:00:00,104.57,3.49,207.0
2018-01-18 12:00:00,144.49,5.01,251.0
2018-01-18 13:00:00,150.23,6.82,268.0
2018-01-18 14:00:00,171.09,5.72,284.0
2018-01-18 15:00:00,235.0,6.26,295.0
2018-01-18 16:00:00,267.81,6.38,300.0
2018-01-18 18:00:00,375.96,3.61,286.0
2018-01-18 19:00:00,324.36,4.01,266.0
2018-01-18 20:00:00,318.34,1.68,260.0
2018-01-18 21:00:00,267.99,0.0,0.0
2018-01-18 22:00:00,295.24,0.0,0.0
2018-01-18 23:00:00,248.5,0.0,0.0
2018-01-19 00:00:00,282.01,0.0,0.0
2018-01-19 01:00:00,359.17,0.0,0.0
2018-01-19 03:00:00,261.3,0.0,0.0
2018-01-19 04:00:00,199.83,0.0,0.0
2018-01-19 05:00:00,200.34,0.0,0.0
2018-01-19 06:00:00,190.4,0.0,0.0
2018-01-19 07:00:00,140.35000000000002,2.34,270.0
2018-01-19 09:00:00,152.91,1.58,260.0
2018-01-19 10:00:00,143.17,3.04,245.0
2018-01-19 11:00:00,117.15,4.78,258.0
2018-01-19 12:00:00,103.17,5.77,274.0
2018-01-19 13:00:00,101.9,4.59,290.0
2018-01-19 15:00:00,324.07,6.5,285.0
2018-01-19 16:00:00,337.07,6.55,300.0
2018-01-19 17:00:00,308.75,4.1,292.0
2018-01-19 18:00:00,264.35,2.79,264.0
2018-01-19 19:00:00,182.26,2.77,252.0
2018-01-19 21:00:00,285.91,1.58,260.0
2018-01-19 22:00:00,260.14,2.7,260.0
2018-01-19 23:00:00,187.45,2.8,266.0
2018-01-20 00:00:00,236.9,3.62,264.0
2018-01-20 01:00:00,226.72,3.05,252.0
2018-01-20 02:00:00,171.21,2.72,258.0
2018-01-20 03:00:00,151.49,3.21,261.0
2018-01-20 04:00:00,155.37,3.52,255.0
2018-01-20 05:00:00,120.34,3.62,264.0
2018-01-20 06:00:00,66.82,4.01,264.0
2018-01-20 07:00:00,51.35,3.91,256.0
2018-01-20 08:00:00,26.54,3.25,251.0
2018-01-20 09:00:00,40.2,5.13,257.0
2018-01-20 11:00:00,42.55,6.9,265.0
2018-01-20 12:00:00,51.58,5.8,270.0
2018-01-20 13:00:00,69.9,8.48,292.0
2018-01-20 14:00:00,83.82,9.5,301.0
2018-01-20 15:00:00,141.67,7.36,295.0
2018-01-20 16:00:00,157.3,8.12,290.0
2018-01-20 17:00:00,176.9,5.35,284.0
2018-01-20 18:00:00,183.92,3.15,265.0
2018-01-20 19:00:00,162.32,2.7,260.0
2018-01-20 20:00:00,223.77,1.13,260.0
2018-01-20 21:00:00,181.55,0.0,0.0
2018-01-20 22:00:00,153.25,0.0,0.0
2018-01-20 23:00:00,161.97,0.0,0.0
2018-01-21 00:00:00,155.09,0.0,0.0
2018-01-21 01:00:00,165.52,0.0,0.0
2018-01-21 02:00:00,160.98,0.0,0.0
2018-01-21 03:00:00,146.35,0.0,0.0
2018-01-21 04:00:00,159.58,0.0,0.0
2018-01-21 05:00:00,149.84,0.0,0.0
2018-01-21 06:00:00,95.62,0.0,0.0
2018-01-21 07:00:00,61.88,0.0,0.0
2018-01-21 08:00:00,46.94,0.0,0.0
2018-01-21 09:00:00,36.36,2.34,230.0
2018-01-21 10:00:00,46.19,3.69,246.0
2018-01-21 11:00:00,34.86,1.58,270.0
2018-01-21 12:00:00,37.5,1.96,300.0
2018-01-21 13:00:00,53.84,4.51,283.0
2018-01-21 14:00:00,81.62,3.83,270.0
2018-01-21 15:00:00,113.91,3.83,300.0
2018-01-21 16:00:00,139.46,4.23,297.0
2018-01-21 17:00:00,187.71,2.76,275.0
2018-01-21 18:00:00,198.15,2.77,281.0
2018-01-21 19:00:00,161.39,1.58,281.0
2018-01-21 20:00:00,156.5,0.0,0.0
2018-01-21 21:00:00,163.87,0.75,71.0
2018-01-21 22:00:00,143.7,1.88,76.0
2018-01-21 23:00:00,113.74,1.13,80.0
2018-01-22 00:00:00,191.78,0.0,0.0
2018-01-22 01:00:00,272.65,0.0,0.0
2018-01-22 02:00:00,243.37,0.0,0.0
2018-01-22 03:00:00,264.56,0.0,0.0
2018-01-22 04:00:00,178.12,0.0,0.0
2018-01-22 05:00:00,78.07,0.0,0.0
2018-01-22 06:00:00,91.5,0.0,0.0
2018-01-22 07:00:00,86.96,0.0,0.0
2018-01-22 08:00:00,89.06,0.0,0.0
2018-01-22 09:00:00,71.54,1.58,120.0
2018-01-22 10:00:00,106.38,3.89,114.0
2018-01-22 11:00:00,118.77,3.82,145.0
2018-01-22 12:00:00,133.31,4.51,165.0
2018-01-22 13:00:00,138.41,4.66,150.0
2018-01-22 14:00:00,187.95,4.3,138.0
2018-01-22 15:00:00,172.44,3.84,142.0
2018-01-22 16:00:00,183.99,4.14,144.0
2018-01-22 17:00:00,171.17,2.33,131.0
2018-01-22 18:00:00,151.8,1.96,140.0
2018-01-22 19:00:00,140.69,3.91,140.0
2018-01-22 20:00:00,134.75,1.96,140.0
2018-01-22 21:00:00,139.43,1.96,140.0
2018-01-22 22:00:00,156.81,3.86,130.0
2018-01-22 23:00:00,162.7,1.96,120.0
2018-01-23 00:00:00,146.35,1.58,110.0
2018-01-23 01:00:00,134.55,3.14,115.0
2018-01-23 02:00:00,130.11,3.14,115.0
2018-01-23 04:00:00,147.71,4.64,95.0
2018-01-23 05:00:00,126.99,5.23,105.0
2018-01-23 06:00:00,112.735,5.22,114.0
2018-01-27 08:00:00,201.35,3.79,278.0
2018-01-27 09:00:00,224.2,4.53,305.0
2018-01-27 10:00:00,133.3,3.79,308.0
2018-01-27 11:00:00,80.0,2.43,303.0
2018-01-27 12:00:00,95.45,3.24,307.0
2018-01-27 13:00:00,145.03,3.86,292.0
2018-01-27 14:00:00,131.87,4.13,307.0
2018-01-27 15:00:00,118.62,4.75,317.0
2018-01-27 16:00:00,154.09,3.47,301.0
2018-01-27 17:00:00,260.82,3.8,296.0
2018-01-27 18:00:00,246.18,3.81,300.0
2018-01-27 19:00:00,277.11,2.96,280.0
2018-01-27 20:00:00,308.77,1.58,260.0
2018-01-27 21:00:00,242.84,0.0,0.0
2018-01-27 22:00:00,140.48,0.0,0.0
2018-01-27 23:00:00,81.28,0.0,0.0
2018-01-28 00:00:00,78.68,0.0,0.0
2018-01-28 01:00:00,74.31,0.0,0.0
2018-01-28 02:00:00,57.59,0.0,0.0
2018-01-28 03:00:00,40.8,0.0,0.0
2018-01-28 04:00:00,58.55,1.96,161.0
2018-01-28 05:00:00,83.35,2.5,222.0
2018-01-28 06:00:00,138.73,4.3,270.0
2018-01-28 07:00:00,152.25,4.87,270.0
2018-01-28 08:00:00,129.1,5.25,270.0
2018-01-28 09:00:00,97.71,3.86,278.0
2018-01-28 10:00:00,86.53,3.15,290.0
2018-01-28 11:00:00,50.65,3.86,278.0
2018-01-28 12:00:00,53.67,4.24,279.0
2018-01-28 13:00:00,94.24,3.9,295.0
2018-01-28 14:00:00,125.65,5.4,293.0
2018-01-28 15:00:00,160.6,6.17,290.0
2018-01-28 16:00:00,213.05,5.39,295.0
2018-01-28 17:00:00,269.44,4.98,309.0
2018-01-28 18:00:00,260.47,3.92,320.0
2018-01-28 19:00:00,236.73,3.14,315.0
2018-01-28 20:00:00,219.62,1.58,311.0
2018-01-28 21:00:00,178.76,0.0,0.0
2018-01-28 22:00:00,185.14,0.0,0.0
2018-01-28 23:00:00,218.58,0.0,0.0
2018-01-29 00:00:00,216.29,0.0,0.0
2018-01-29 01:00:00,224.27,0.0,0.0
2018-01-29 02:00:00,84.89,0.86,290.0
2018-01-29 05:00:00,58.93,0.0,0.0
2018-01-29 06:00:00,96.03,0.0,0.0
2018-01-29 07:00:00,93.21,0.0,0.0
2018-01-29 08:00:00,70.87,0.0,0.0
2018-01-29 09:00:00,74.35,1.68,251.0
2018-01-29 10:00:00,69.28,3.89,268.0
2018-01-29 11:00:00,39.41,3.62,287.0
2018-01-29 12:00:00,40.35,4.02,300.0
2018-01-29 13:00:00,48.59,5.04,300.0
2018-01-29 14:00:00,79.79,6.11,281.0
2018-01-29 15:00:00,144.73,7.04,275.0
2018-01-29 16:00:00,138.12,6.18,281.0
2018-01-29 17:00:00,206.09,5.41,276.0
2018-01-29 18:00:00,165.02,4.61,280.0
2018-01-30 03:00:00,120.43,2.66,259.0
2018-01-30 04:00:00,64.83,3.14,255.0
2018-01-30 05:00:00,56.26,3.86,266.0
2018-01-30 06:00:00,54.28,3.86,266.0
2018-01-30 07:00:00,41.87,3.15,260.0
2018-01-30 08:00:00,25.93,4.47,266.0
2018-01-30 09:00:00,37.78,5.59,275.0
2018-01-30 10:00:00,30.44,5.32,270.0
2018-01-30 11:00:00,32.19,6.63,266.0
2018-01-30 12:00:00,38.99,7.67,280.0
2018-01-30 13:00:00,60.73,10.21,290.0
2018-01-30 14:00:00,87.56,11.23,297.0
2018-01-30 15:00:00,85.26,7.97,300.0
2018-01-30 16:00:00,63.12,7.73,284.0
2018-01-30 17:00:00,80.1,9.22,275.0
2018-01-30 18:00:00,85.65,7.65,274.0
2018-01-30 19:00:00,101.93,5.4,276.0
2018-01-30 20:00:00,116.33,4.96,280.0
2018-01-30 21:00:00,169.16,5.7,301.0
2018-01-30 22:00:00,156.03,5.7,301.0
2018-01-30 23:00:00,130.44,5.89,279.0
2018-01-31 00:00:00,179.32,5.06,259.0
2018-01-31 01:00:00,167.95,4.27,246.0
2018-01-31 02:00:00,136.58,5.52,262.0
2018-01-31 03:00:00,130.43,5.41,258.0
2018-01-31 04:00:00,120.22,4.66,240.0
2018-01-31 05:00:00,116.2,4.65,245.0
2018-01-31 06:00:00,70.12,4.66,255.0
2018-01-31 07:00:00,55.09,5.02,265.0
2018-01-31 08:00:00,53.17,6.73,270.0
2018-01-31 09:00:00,43.26,7.85,270.0
2018-01-31 10:00:00,61.49,8.0,280.0
2018-01-31 11:00:00,47.66,11.51,277.0
2018-01-31 12:00:00,67.48,10.33,276.0
2018-01-31 13:00:00,84.76,6.18,290.0
2018-01-31 14:00:00,124.09,7.68,290.0
2018-01-31 15:00:00,134.33,7.68,290.0
2018-01-31 16:00:00,223.35,6.9,285.0
2018-01-31 17:00:00,215.59,7.25,284.0
2018-01-31 18:00:00,220.78,5.24,277.0
2018-01-31 19:00:00,129.42,3.9,255.0
2018-01-31 20:00:00,93.38,3.63,251.0
2018-01-31 21:00:00,48.72,3.63,251.0
2018-01-31 22:00:00,89.6,3.04,243.0
2018-01-31 23:00:00,60.49,2.55,253.0
2018-02-01 00:00:00,79.52,2.55,253.0
2018-02-01 01:00:00,125.38,1.77,246.0
2018-02-01 02:00:00,88.16,2.43,270.0
2018-02-01 03:00:00,105.92,1.68,270.0
2018-02-01 04:00:00,177.33,0.0,0.0
2018-02-01 05:00:00,154.92,0.0,0.0
2018-02-01 06:00:00,99.98,0.0,0.0
2018-02-01 07:00:00,66.6,0.0,0.0
2018-02-01 08:00:00,40.96,0.0,0.0
2018-02-01 09:00:00,38.61,1.58,251.0
2018-02-01 10:00:00,37.25,3.41,267.0
2018-02-01 11:00:00,53.57,4.23,282.0
2018-02-01 12:00:00,50.04,4.5,271.0
2018-02-01 13:00:00,65.27,4.87,276.0
2018-02-01 14:00:00,65.55,6.41,278.0
2018-02-01 15:00:00,88.97,6.28,282.0
2018-02-01 16:00:00,160.77,5.39,295.0
2018-02-01 17:00:00,227.24,3.83,290.0
2018-02-01 18:00:00,199.09,3.46,283.0
2018-02-01 19:00:00,109.57,5.24,285.0
2018-02-01 20:00:00,92.99,2.91,290.0
2018-02-01 21:00:00,90.51,0.0,0.0
2018-02-01 22:00:00,141.3,0.0,0.0
2018-02-01 23:00:00,150.04,0.0,0.0
2018-02-02 00:00:00,162.02,0.0,0.0
2018-02-02 01:00:00,183.75,0.0,0.0
2018-02-02 02:00:00,216.77,0.0,0.0
2018-02-02 03:00:00,199.64,0.0,0.0
2018-02-02 04:00:00,230.26,0.0,0.0
2018-02-02 05:00:00,82.94,0.0,0.0
2018-02-02 06:00:00,6.98,0.0,0.0
2018-02-02 07:00:00,12.98,0.75,251.0
2018-02-02 08:00:00,3.38,0.75,251.0
2018-02-02 09:00:00,2.89,2.71,270.0
2018-02-02 10:00:00,33.88,4.66,270.0
2018-02-02 11:00:00,26.36,4.17,270.0
2018-02-02 12:00:00,45.33,5.49,288.0
2018-02-02 13:00:00,45.53,5.96,287.0
2018-02-02 15:00:00,99.04,7.42,270.0
2018-02-02 16:00:00,136.48,6.15,275.0
2018-02-02 18:00:00,120.29,4.57,299.0
2018-02-02 19:00:00,80.22,5.02,315.0
2018-02-02 20:00:00,108.2,2.71,320.0
2018-02-02 21:00:00,67.12,1.96,290.0
2018-02-02 23:00:00,81.25,1.96,330.0
2018-02-03 00:00:00,90.03,1.58,350.0
2018-02-03 02:00:00,145.0,0.0,0.0
2018-02-03 05:00:00,145.82,0.0,0.0
2018-02-03 06:00:00,84.37,0.0,0.0
2018-02-03 07:00:00,11.9,1.68,260.0
2018-02-03 08:00:00,12.399999999999999,3.11,269.0
2018-02-03 10:00:00,28.56,3.86,280.0
2018-02-03 13:00:00,30.14,5.4,305.0
2018-02-03 14:00:00,41.48,6.53,294.0
2018-02-03 15:00:00,89.25,6.53,294.0
2018-02-03 16:00:00,91.52,7.65,306.0
2018-02-03 17:00:00,164.38,6.92,314.0
2018-02-03 18:00:00,148.67,4.66,315.0
2018-02-03 19:00:00,121.8,5.77,304.0
2018-02-03 20:00:00,88.03,3.47,300.0
2018-02-03 21:00:00,115.87,1.58,300.0
2018-02-03 22:00:00,108.41,2.67,292.0
2018-02-03 23:00:00,125.26,1.13,281.0
2018-02-04 00:00:00,134.16,1.58,260.0
2018-02-04 01:00:00,234.39,3.15,260.0
2018-02-04 02:00:00,166.62,2.69,264.0
2018-02-04 03:00:00,126.88,2.69,264.0
2018-02-04 04:00:00,172.14,2.67,251.0
2018-02-04 05:00:00,141.66,2.72,258.0
2018-02-04 06:00:00,65.01,2.77,262.0
2018-02-04 07:00:00,0.54,2.77,262.0
2018-02-04 17:00:00,147.14,6.35,315.0
2018-02-04 18:00:00,129.82,5.98,315.0
2018-02-04 19:00:00,100.29,4.41,288.0
2018-02-04 20:00:00,149.84,1.96,251.0
2018-02-04 21:00:00,156.45,1.13,260.0
2018-02-04 22:00:00,170.6,1.86,252.0
2018-02-04 23:00:00,127.33,0.75,240.0
2018-02-05 00:00:00,148.66,1.13,230.0
2018-02-05 01:00:00,193.83,1.88,230.0
2018-02-05 02:00:00,175.21,0.75,230.0
2018-02-05 03:00:00,167.75,0.0,0.0
2018-02-05 04:00:00,138.56,1.58,251.0
2018-02-05 05:00:00,123.36,1.58,251.0
2018-02-05 06:00:00,90.42,1.13,240.0
2018-02-05 07:00:00,49.68,2.25,235.0
2018-02-05 08:00:00,39.39,1.13,230.0
2018-02-05 09:00:00,18.89,1.96,270.0
2018-02-05 11:00:00,4.11,2.92,251.0
2018-02-05 12:00:00,21.88,3.95,294.0
2018-02-05 13:00:00,36.09,6.18,311.0
2018-02-05 14:00:00,80.03,5.58,305.0
2018-02-05 16:00:00,145.78,4.28,315.0
2018-02-05 17:00:00,175.53,3.88,307.0
2018-02-05 18:00:00,153.87,2.72,301.0
2018-02-05 19:00:00,153.05,2.23,310.0
2018-02-05 20:00:00,153.76,1.13,300.0
2018-02-05 21:00:00,167.17,1.96,270.0
2018-02-05 22:00:00,166.11,2.64,262.0
2018-02-05 23:00:00,175.0,0.75,240.0
2018-02-06 01:00:00,176.67,0.0,0.0
2018-02-06 03:00:00,125.83,0.0,0.0
2018-02-06 04:00:00,123.92,1.58,320.0
2018-02-06 05:00:00,76.24,3.57,290.0
2018-02-06 06:00:00,46.38,4.24,279.0
2018-02-06 07:00:00,62.81,3.78,305.0
2018-02-06 08:00:00,47.43,2.98,309.0
2018-02-06 09:00:00,28.75,3.81,297.0
2018-02-06 10:00:00,21.29,5.41,300.0
2018-02-06 11:00:00,21.84,7.2,312.0
2018-02-06 12:00:00,45.0,8.05,320.0
2018-02-06 13:00:00,56.13,6.9,315.0
2018-02-06 14:00:00,67.78,7.31,314.0
2018-02-06 15:00:00,58.91,7.68,314.0
2018-02-06 16:00:00,79.96,7.64,315.0
2018-02-06 18:00:00,139.47,6.83,313.0
2018-02-06 19:00:00,197.32,4.59,290.0
2018-02-06 20:00:00,197.35,3.43,282.0
2018-02-06 21:00:00,146.08,2.18,298.0
2018-02-06 22:00:00,111.61,1.96,281.0
2018-02-06 23:00:00,85.8,2.67,262.0
2018-02-07 00:00:00,112.52,3.16,270.0
2018-02-07 01:00:00,159.73,3.14,265.0
2018-02-07 02:00:00,139.65,3.15,265.0
2018-02-07 03:00:00,107.36,2.7,266.0
2018-02-07 04:00:00,111.03,2.23,250.0
2018-02-07 05:00:00,101.36,2.56,269.0
2018-02-07 06:00:00,68.05,3.07,270.0
2018-02-07 07:00:00,47.44,3.53,251.0
2018-02-07 09:00:00,29.11,5.25,270.0
2018-02-07 10:00:00,42.71,4.87,286.0
2018-02-07 11:00:00,37.01,6.64,307.0
2018-02-08 07:00:00,62.71,0.0,0.0
2018-02-08 08:00:00,36.72,0.0,0.0
2018-02-08 09:00:00,31.93,1.13,251.0
2018-02-08 10:00:00,28.05,1.96,281.0
2018-02-08 11:00:00,16.91,1.13,311.0
2018-02-08 12:00:00,49.07,1.96,320.0
2018-02-08 13:00:00,69.17,4.29,320.0
2018-02-08 14:00:00,86.58,4.16,295.0
2018-02-08 15:00:00,98.46,4.65,292.0
2018-02-08 16:00:00,140.72,5.39,305.0
2018-02-08 17:00:00,158.39,3.81,297.0
2018-02-08 18:00:00,151.09,3.07,284.0
2018-02-08 19:00:00,163.06,3.07,277.0
2018-02-08 20:00:00,164.61,1.13,270.0
2018-02-08 21:00:00,170.48,0.0,0.0
2018-02-08 22:00:00,208.13,0.0,0.0
2018-02-08 23:00:00,228.42,0.0,0.0
2018-02-09 00:00:00,239.11,0.0,0.0
2018-02-09 01:00:00,195.83,0.0,0.0
2018-02-09 04:00:00,180.99,0.0,0.0
2018-02-09 05:00:00,170.71,0.0,0.0
2018-02-09 06:00:00,134.5,1.58,251.0
2018-02-09 07:00:00,27.94,2.62,238.0
2018-02-09 08:00:00,59.02,1.13,221.0
2018-02-09 09:00:00,43.95,1.58,240.0
2018-02-09 10:00:00,37.29,2.46,260.0
2018-02-09 11:00:00,43.7,2.72,308.0
2018-02-09 12:00:00,45.165,4.01,320.0
2018-02-09 14:00:00,86.46,5.73,282.0
2018-02-09 15:00:00,120.75,5.25,287.0
2018-02-09 16:00:00,196.34,5.79,300.0
2018-02-09 17:00:00,196.03,4.37,296.0
2018-02-09 18:00:00,134.16,3.41,311.0
2018-02-09 21:00:00,147.19,0.0,0.0
2018-02-09 22:00:00,196.68,0.0,0.0
2018-02-10 03:00:00,209.235,0.0,0.0
2018-02-10 06:00:00,96.68,0.0,0.0
2018-02-10 07:00:00,63.29,0.0,0.0
2018-02-10 08:00:00,75.53,0.0,0.0
2018-02-10 09:00:00,84.36,0.0,0.0
2018-02-10 10:00:00,70.15,1.96,50.0
2018-02-10 11:00:00,92.36,1.96,50.0
2018-02-10 12:00:00,51.31,1.58,30.0
2018-02-11 13:00:00,47.47,7.35,146.0
2018-02-11 19:00:00,48.99,4.65,135.0
2018-02-11 20:00:00,48.73,4.21,139.0
2018-02-11 21:00:00,48.78,4.25,156.0
2018-02-11 22:00:00,33.74,4.5,146.0
2018-02-11 23:00:00,18.9,5.92,127.0
2018-02-12 00:00:00,59.78,6.99,132.0
2018-02-12 01:00:00,71.38,7.19,129.0
2018-02-12 04:00:00,49.12,5.39,105.0
2018-02-12 06:00:00,46.05,4.75,97.0
2018-02-12 08:00:00,63.81,4.0,128.0
2018-02-12 21:00:00,38.71,5.8,110.0
2018-02-13 01:00:00,76.64,2.25,105.0
2018-02-13 02:00:00,98.88,1.13,110.0
2018-02-13 05:00:00,47.53,0.0,0.0
2018-02-13 07:00:00,64.94,0.0,0.0
2018-02-14 09:00:00,16.89,4.38,270.0
2018-02-14 10:00:00,15.5,5.33,280.0
2018-02-14 11:00:00,12.7,7.85,290.0
2018-02-14 12:00:00,27.64,8.2,293.0
2018-02-14 13:00:00,38.05,6.18,300.0
2018-02-14 14:00:00,39.97,4.48,290.0
2018-02-14 15:00:00,38.37,4.48,290.0
2018-02-14 16:00:00,57.26,6.18,300.0
2018-02-14 17:00:00,57.15,7.16,308.0
2018-02-14 18:00:00,100.52,7.78,302.0
2018-02-14 19:00:00,79.06,6.9,285.0
2018-02-14 20:00:00,73.73,4.65,277.0
2018-02-14 21:00:00,84.02,3.54,270.0
2018-02-14 22:00:00,112.36,3.86,260.0
2018-02-14 23:00:00,131.06,4.11,261.0
2018-02-15 00:00:00,141.84,4.15,265.0
2018-02-15 01:00:00,157.43,4.29,260.0
2018-02-15 02:00:00,132.57,3.9,264.0
2018-02-15 03:00:00,124.22,3.54,270.0
2018-02-15 04:00:00,103.33,4.29,270.0
2018-02-15 05:00:00,20.23,3.91,270.0
2018-02-15 15:00:00,49.89,8.88,290.0
2018-02-16 07:00:00,61.75,3.15,240.0
2018-02-16 08:00:00,60.8,3.9,246.0
2018-02-16 09:00:00,65.51,4.61,260.0
2018-02-16 10:00:00,48.015,4.29,270.0
2018-02-17 07:00:00,63.46,2.54,227.0
2018-02-17 08:00:00,55.92,3.94,250.0
2018-02-17 09:00:00,54.8,5.62,270.0
2018-02-17 10:00:00,39.66,5.79,270.0
2018-02-17 11:00:00,38.11,7.68,270.0
2018-02-17 12:00:00,60.02,7.91,288.0
2018-02-17 13:00:00,68.67,7.63,305.0
2018-02-17 14:00:00,64.5,8.14,284.0
2018-02-17 15:00:00,75.32,7.78,283.0
2018-02-17 16:00:00,104.29,6.89,295.0
2018-02-17 17:00:00,105.75,5.8,290.0
2018-02-17 18:00:00,97.46,5.73,278.0
2018-02-17 19:00:00,117.37,5.4,266.0
2018-02-17 20:00:00,157.97,1.96,260.0
2018-02-17 21:00:00,220.24,1.13,251.0
2018-02-18 00:00:00,194.99,1.58,240.0
2018-02-18 03:00:00,23.28,1.58,270.0
2018-02-18 04:00:00,88.51,4.35,250.0
2018-02-18 05:00:00,123.1,2.91,240.0
2018-02-18 06:00:00,70.8,0.0,0.0
2018-02-18 07:00:00,0.91,0.0,0.0
2018-02-18 08:00:00,30.47,1.12,270.0
2018-02-18 09:00:00,42.57,3.07,277.0
2018-02-18 10:00:00,45.64,3.86,290.0
2018-02-18 11:00:00,14.59,5.06,281.0
2018-02-18 12:00:00,12.6,6.26,279.0
2018-02-18 13:00:00,53.75,6.18,290.0
2018-02-18 14:00:00,58.88,5.79,310.0
2018-02-18 15:00:00,77.35,6.45,320.0
2018-02-18 16:00:00,89.22,6.15,314.0
2018-02-18 17:00:00,102.87,5.8,311.0
2018-02-18 18:00:00,103.97,6.02,297.0
2018-02-18 19:00:00,149.83,4.35,275.0
2018-02-18 20:00:00,231.22,1.68,251.0
2018-02-18 21:00:00,198.46,0.0,0.0
2018-02-18 22:00:00,178.95,0.0,0.0
2018-02-18 23:00:00,166.14,0.0,0.0
2018-02-19 00:00:00,165.47,0.0,0.0
2018-02-19 01:00:00,234.55,0.0,0.0
2018-02-19 02:00:00,157.16,0.0,0.0
2018-02-19 03:00:00,125.75,0.0,0.0
2018-02-19 04:00:00,91.52,0.0,0.0
2018-02-19 05:00:00,65.7,0.0,0.0
2018-02-19 06:00:00,29.63,1.13,281.0
2018-02-19 07:00:00,33.8,1.13,281.0
2018-02-19 08:00:00,53.79,0.0,0.0
2018-02-19 09:00:00,47.765,1.96,260.0
2018-02-21 00:00:00,173.15,0.0,0.0
2018-02-21 01:00:00,214.97,0.0,0.0
2018-02-21 02:00:00,158.76,0.0,0.0
2018-02-21 03:00:00,118.87,0.0,0.0
2018-02-21 04:00:00,102.66,0.0,0.0
2018-02-21 05:00:00,82.77,0.0,0.0
2018-02-21 06:00:00,68.72,0.0,0.0
2018-02-21 07:00:00,38.6,0.0,0.0
2018-02-21 08:00:00,32.6,0.0,0.0
2018-02-21 09:00:00,73.4,0.0,0.0
2018-02-21 10:00:00,68.47,1.13,120.0
2018-02-21 11:00:00,60.97,1.72,145.0
2018-02-21 12:00:00,54.83,2.13,246.0
2018-02-21 13:00:00,57.33,4.27,264.0
2018-02-21 14:00:00,84.01,2.33,260.0
2018-02-21 15:00:00,158.63,2.33,300.0
2018-02-21 16:00:00,162.19,4.64,295.0
2018-02-21 17:00:00,158.95,3.15,284.0
2018-02-21 18:00:00,140.48,2.38,321.0
2018-02-21 19:00:00,139.25,3.9,335.0
2018-02-21 20:00:00,119.02,1.96,330.0
2018-02-21 21:00:00,164.4,0.0,0.0
2018-02-21 22:00:00,221.47,0.0,0.0
2018-02-21 23:00:00,289.86,0.0,0.0
2018-02-22 01:00:00,199.41,0.0,0.0
2018-02-22 05:00:00,90.89,0.0,0.0
2018-02-22 06:00:00,27.26,0.0,0.0
2018-02-22 07:00:00,19.29,0.0,0.0
2018-02-22 08:00:00,32.4,0.86,260.0
2018-02-22 10:00:00,21.54,2.13,245.0
2018-03-08 19:00:00,207.0,3.19,48.0
2018-03-08 20:00:00,208.0,1.96,71.0
2018-03-08 21:00:00,209.0,1.13,80.0
2018-03-08 22:00:00,208.0,2.72,98.0
2018-03-08 23:00:00,207.0,1.68,110.0
2018-03-09 00:00:00,207.0,1.13,71.0
2018-03-09 01:00:00,205.0,1.13,71.0
2018-03-09 02:00:00,203.0,0.0,0.0
2018-03-09 03:00:00,203.0,0.0,0.0
2018-03-09 04:00:00,208.0,0.0,0.0
2018-03-09 05:00:00,208.0,0.0,0.0
2018-03-09 06:00:00,207.0,0.0,0.0
2018-03-09 19:00:00,200.0,4.98,338.0
2018-03-09 20:00:00,191.0,1.96,350.0
2018-03-09 21:00:00,181.0,1.13,341.0
2018-03-09 22:00:00,172.0,2.7,341.0
2018-03-09 23:00:00,166.0,1.58,341.0
2018-03-10 00:00:00,164.0,1.13,311.0
2018-03-10 01:00:00,156.0,2.66,298.0
2018-03-10 02:00:00,145.0,1.58,290.0
2018-03-10 03:00:00,133.0,1.68,260.0
2018-03-10 04:00:00,126.0,3.14,245.0
2018-03-10 05:00:00,123.0,1.58,230.0
2018-03-10 06:00:00,202.0,1.58,260.0
2018-03-10 19:00:00,98.0,6.07,300.0
2018-03-10 20:00:00,98.0,3.09,311.0
2018-03-10 21:00:00,99.0,2.71,330.0
2018-03-10 22:00:00,101.0,5.02,325.0
2018-03-10 23:00:00,103.0,2.33,320.0
2018-03-11 00:00:00,101.0,2.33,320.0
2018-03-11 01:00:00,101.0,4.04,302.0
2018-03-11 02:00:00,104.0,1.96,281.0
2018-03-11 03:00:00,105.0,1.58,251.0
2018-03-11 04:00:00,102.0,3.15,251.0
2018-03-11 05:00:00,102.0,1.58,251.0
2018-03-11 06:00:00,105.0,1.96,270.0
2018-03-11 19:00:00,125.0,5.02,285.0
2018-03-11 20:00:00,133.0,2.33,290.0
2018-03-11 21:00:00,141.0,1.13,270.0
2018-03-11 22:00:00,146.0,1.13,270.0
2018-03-11 23:00:00,150.0,0.0,0.0
2018-03-12 00:00:00,152.0,0.0,0.0
2018-03-12 01:00:00,157.0,0.0,0.0
2018-03-12 02:00:00,164.0,0.0,0.0
2018-03-12 03:00:00,174.0,0.0,0.0
2018-03-12 04:00:00,177.0,0.0,0.0
2018-03-12 05:00:00,174.0,0.0,0.0
2018-03-12 06:00:00,119.0,1.58,260.0
2018-03-12 19:00:00,164.0,6.09,282.0
2018-03-12 20:00:00,160.0,2.34,270.0
2018-03-12 21:00:00,160.0,1.96,330.0
2018-03-12 22:00:00,162.0,2.43,303.0
2018-03-12 23:00:00,162.0,1.13,251.0
2018-03-13 00:00:00,162.0,0.0,0.0
2018-03-13 01:00:00,163.0,0.0,0.0
2018-03-13 02:00:00,161.0,0.0,0.0
2018-03-13 03:00:00,159.0,0.0,0.0
2018-03-13 04:00:00,160.0,0.0,0.0
2018-03-13 05:00:00,162.0,0.0,0.0
2018-03-13 06:00:00,167.0,1.58,260.0
2018-03-13 19:00:00,157.0,1.13,330.0
2018-03-13 20:00:00,160.0,0.0,0.0
2018-03-13 21:00:00,157.0,1.58,110.0
2018-03-13 22:00:00,154.0,3.15,110.0
2018-03-13 23:00:00,150.0,1.58,110.0
2018-03-14 00:00:00,143.0,0.0,0.0
2018-03-14 01:00:00,136.0,0.0,0.0
2018-03-14 02:00:00,132.0,0.0,0.0
2018-03-14 03:00:00,127.0,0.0,0.0
2018-03-14 04:00:00,123.0,1.96,140.0
2018-03-14 05:00:00,121.0,1.96,140.0
2018-03-14 06:00:00,156.0,1.58,240.0
2018-03-14 19:00:00,129.0,3.33,122.0
2018-03-14 20:00:00,130.0,2.78,134.0
2018-03-14 21:00:00,126.0,0.86,120.0
2018-03-14 22:00:00,120.0,1.68,110.0
2018-03-14 23:00:00,140.0,1.68,110.0
2018-03-15 00:00:00,141.0,1.68,90.0
2018-03-15 01:00:00,141.0,3.34,95.0
2018-03-15 02:00:00,138.0,2.88,124.0
2018-03-15 03:00:00,137.0,3.61,125.0
2018-03-15 04:00:00,135.0,1.21,185.0
2018-03-15 05:00:00,139.0,3.12,252.0
2018-03-15 06:00:00,126.0,2.54,230.0
2018-03-16 23:00:00,118.0,2.7,320.0
2018-03-17 00:00:00,119.0,2.46,290.0
2018-03-17 01:00:00,118.0,2.67,262.0
2018-03-17 02:00:00,117.0,1.13,251.0
2018-03-17 03:00:00,117.0,1.58,240.0
2018-03-17 04:00:00,118.0,3.14,235.0
2018-03-17 05:00:00,120.0,3.06,230.0
2018-03-17 19:00:00,120.0,6.64,313.0
2018-03-17 20:00:00,119.0,2.33,311.0
2018-03-17 21:00:00,123.0,2.33,311.0
2018-03-17 22:00:00,123.0,4.28,315.0
2018-03-17 23:00:00,124.0,1.96,320.0
2018-03-18 00:00:00,124.0,1.58,260.0
2018-03-18 01:00:00,122.0,1.58,260.0
2018-03-18 02:00:00,118.0,0.0,0.0
2018-03-18 03:00:00,116.0,0.0,0.0
2018-03-18 04:00:00,115.0,0.0,0.0
2018-03-18 05:00:00,114.0,0.0,0.0
2018-03-18 06:00:00,120.0,0.0,0.0
2018-03-18 19:00:00,113.0,6.81,330.0
2018-03-18 20:00:00,109.0,4.88,339.0
2018-03-18 21:00:00,101.0,3.21,355.0
2018-03-18 22:00:00,93.0,1.96,11.0
2018-03-18 23:00:00,84.0,0.0,0.0
2018-03-19 00:00:00,77.0,0.0,0.0
2018-03-19 01:00:00,70.0,0.0,0.0
2018-03-19 02:00:00,79.0,0.0,0.0
2018-03-19 03:00:00,102.0,0.0,0.0
2018-03-19 04:00:00,114.0,0.0,0.0
2018-03-19 05:00:00,118.0,0.0,0.0
2018-03-19 06:00:00,114.0,1.13,251.0
2018-03-19 19:00:00,122.0,4.29,320.0
2018-03-19 20:00:00,126.0,1.96,320.0
2018-03-19 21:00:00,132.0,0.0,0.0
2018-03-19 22:00:00,140.0,0.0,0.0
2018-03-19 23:00:00,149.0,0.0,0.0
2018-03-20 00:00:00,156.0,0.0,0.0
2018-03-20 01:00:00,149.0,0.0,0.0
2018-03-20 02:00:00,157.0,0.0,0.0
2018-03-20 03:00:00,155.0,0.0,0.0
2018-03-20 04:00:00,152.0,0.0,0.0
2018-03-20 05:00:00,151.0,0.0,0.0
2018-03-20 06:00:00,122.0,0.0,0.0
2018-03-20 19:00:00,177.0,3.32,48.0
2018-03-20 20:00:00,178.0,1.58,71.0
2018-03-20 21:00:00,182.0,1.13,90.0
2018-03-20 22:00:00,182.0,2.54,114.0
2018-03-20 23:00:00,182.0,1.58,131.0
2018-03-21 00:00:00,181.0,2.34,240.0
2018-03-21 01:00:00,182.0,2.34,240.0
2018-03-21 02:00:00,184.0,0.0,0.0
2018-03-21 03:00:00,186.0,1.58,210.0
2018-03-21 04:00:00,189.0,1.58,210.0
2018-03-21 05:00:00,189.0,0.0,0.0
2018-03-21 06:00:00,172.0,1.58,300.0
2018-03-21 19:00:00,192.0,6.89,324.0
2018-03-21 20:00:00,186.0,5.41,325.0
2018-03-21 21:00:00,175.0,6.08,333.0
2018-03-21 22:00:00,165.0,8.39,335.0
2018-03-21 23:00:00,155.0,4.59,330.0
2018-03-22 00:00:00,147.0,2.33,11.0
2018-03-22 01:00:00,138.0,4.87,27.0
2018-03-22 02:00:00,129.0,2.71,41.0
2018-03-22 03:00:00,144.0,1.96,311.0
2018-03-22 04:00:00,148.0,3.08,314.0
2018-03-22 05:00:00,154.0,1.13,320.0
2018-03-22 06:00:00,194.0,1.58,240.0
2018-03-22 19:00:00,126.0,8.1,315.0
2018-03-22 20:00:00,126.0,7.85,323.0
2018-03-22 21:00:00,126.0,7.11,323.0
2018-03-22 22:00:00,127.0,5.77,324.0
2018-03-22 23:00:00,126.0,5.76,316.0
2018-03-23 00:00:00,125.0,6.24,311.0
2018-03-23 01:00:00,117.0,5.24,307.0
2018-03-23 02:00:00,108.0,3.41,283.0
2018-03-23 03:00:00,117.0,2.66,281.0
2018-03-23 04:00:00,107.0,3.91,290.0
2018-03-23 05:00:00,95.0,3.41,283.0
2018-03-23 06:00:00,128.0,2.66,259.0
2018-03-23 19:00:00,94.0,5.42,270.0
2018-03-23 20:00:00,94.0,4.02,278.0
2018-03-23 21:00:00,94.0,4.04,321.0
2018-03-23 22:00:00,94.0,4.04,326.0
2018-03-23 23:00:00,95.0,2.61,288.0
2018-03-24 00:00:00,104.0,2.7,270.0
2018-03-24 01:00:00,110.0,3.52,264.0
2018-03-24 02:00:00,111.0,1.96,260.0
2018-03-24 03:00:00,114.0,1.96,270.0
2018-03-24 04:00:00,116.0,3.05,263.0
2018-03-24 05:00:00,118.0,1.13,251.0
2018-03-24 06:00:00,91.0,0.0,0.0
2018-03-24 19:00:00,110.0,7.08,305.0
2018-03-24 20:00:00,116.0,4.02,300.0
2018-03-24 21:00:00,124.0,2.33,290.0
2018-03-24 22:00:00,128.0,4.64,295.0
2018-03-24 23:00:00,135.0,3.88,287.0
2018-03-25 00:00:00,130.0,3.24,255.0
2018-03-25 01:00:00,121.0,3.25,240.0
2018-03-25 02:00:00,113.0,2.61,252.0
2018-03-25 03:00:00,105.0,2.54,246.0
2018-03-25 04:00:00,101.0,3.53,230.0
2018-03-25 05:00:00,103.0,1.96,230.0
2018-03-25 06:00:00,114.0,1.58,251.0
2018-03-26 00:00:00,126.0,3.95,302.0
2018-03-26 01:00:00,117.0,4.58,300.0
2018-03-26 02:00:00,120.0,3.95,281.0
2018-03-26 03:00:00,123.0,3.21,261.0
2018-03-26 04:00:00,125.0,2.45,229.0
2018-03-26 05:00:00,127.0,1.13,200.0
2018-03-26 19:00:00,139.0,9.75,315.0
2018-03-26 20:00:00,144.0,6.07,310.0
2018-03-26 21:00:00,154.0,3.96,270.0
2018-03-26 22:00:00,160.0,2.34,260.0
2018-03-26 23:00:00,162.0,0.0,0.0
2018-03-27 00:00:00,155.0,0.0,0.0
2018-03-27 01:00:00,161.0,0.0,0.0
2018-03-27 02:00:00,158.0,0.0,0.0
2018-03-27 03:00:00,160.0,0.0,0.0
2018-03-27 04:00:00,160.0,0.0,0.0
2018-03-27 05:00:00,163.0,0.0,0.0
2018-03-27 06:00:00,134.0,0.0,0.0
2018-03-28 01:00:00,169.0,0.0,0.0
2018-03-28 02:00:00,169.0,0.0,0.0
2018-03-28 03:00:00,169.0,0.0,0.0
2018-03-28 04:00:00,171.0,0.75,71.0
2018-03-28 05:00:00,173.0,1.79,82.0
2018-03-28 19:00:00,165.0,7.29,320.0
2018-03-28 20:00:00,156.0,4.28,308.0
2018-03-28 21:00:00,147.0,4.16,284.0
2018-03-28 22:00:00,140.0,5.4,286.0
2018-03-28 23:00:00,132.0,3.44,283.0
2018-03-29 00:00:00,124.0,3.04,277.0
2018-03-29 01:00:00,115.0,4.29,270.0
2018-03-29 02:00:00,107.0,2.33,270.0
2018-03-29 03:00:00,97.0,1.96,251.0
2018-03-29 04:00:00,93.0,3.85,240.0
2018-03-29 05:00:00,94.0,1.96,230.0
2018-03-29 06:00:00,172.0,1.96,270.0
2018-03-29 19:00:00,102.0,7.11,311.0
2018-03-29 21:00:00,130.0,1.96,281.0
2018-03-29 22:00:00,128.0,3.52,285.0
2018-03-29 23:00:00,128.0,2.63,282.0
2018-03-30 00:00:00,128.0,2.51,246.0
2018-03-30 01:00:00,128.0,3.52,225.0
2018-03-30 02:00:00,128.0,1.96,221.0
2018-03-30 03:00:00,128.0,0.0,0.0
2018-03-30 04:00:00,128.0,1.13,230.0
2018-03-30 05:00:00,128.0,4.3,233.0
2018-03-30 06:00:00,88.0,5.12,237.0
2018-03-31 20:00:00,88.0,3.09,101.0
2018-03-31 21:00:00,88.0,1.58,60.0
2018-03-31 22:00:00,88.0,3.78,78.0
2018-03-31 23:00:00,88.0,4.67,90.0
2018-04-01 00:00:00,89.0,5.43,90.0
2018-04-01 19:00:00,106.0,5.41,80.0
2018-04-01 20:00:00,106.0,4.24,68.0
2018-04-01 21:00:00,106.0,4.69,63.0
2018-04-01 22:00:00,107.0,4.65,74.0
2018-04-01 23:00:00,105.0,1.58,80.0
2018-04-02 00:00:00,107.0,1.13,80.0
2018-04-02 01:00:00,188.0,1.88,76.0
2018-04-02 02:00:00,94.0,0.75,71.0
2018-04-02 03:00:00,97.0,1.58,101.0
2018-04-02 04:00:00,93.0,3.52,105.0
2018-04-02 05:00:00,109.0,1.96,110.0
2018-04-02 06:00:00,104.0,2.33,110.0
2018-04-02 19:00:00,112.0,5.41,80.0
2018-04-02 20:00:00,118.0,4.37,84.0
2018-04-02 21:00:00,119.0,4.37,84.0
2018-04-02 22:00:00,121.0,4.12,112.0
2018-04-03 00:00:00,118.0,1.58,90.0
2018-04-03 01:00:00,116.0,2.69,94.0
2018-04-03 02:00:00,115.0,1.13,101.0
2018-04-03 03:00:00,132.0,2.34,131.0
2018-04-03 04:00:00,133.0,4.28,126.0
2018-04-03 05:00:00,131.0,1.96,120.0
2018-04-03 06:00:00,108.0,1.96,140.0
2018-04-03 19:00:00,134.0,4.49,80.0
2018-04-03 20:00:00,135.0,3.75,82.0
2018-04-03 21:00:00,141.0,4.67,81.0
2018-04-03 22:00:00,142.0,6.14,83.0
2018-04-04 06:00:00,137.0,2.4,103.0
2018-04-05 00:00:00,203.0,0.0,0.0
2018-04-05 01:00:00,201.0,0.0,0.0
2018-04-05 02:00:00,219.0,0.0,0.0
2018-04-05 03:00:00,225.0,0.0,0.0
2018-04-05 04:00:00,234.0,0.0,0.0
2018-04-05 05:00:00,242.0,0.0,0.0
2018-04-05 06:00:00,162.0,0.0,0.0
2018-04-05 19:00:00,206.0,4.87,314.0
2018-04-05 20:00:00,198.0,0.81,252.0
2018-04-05 21:00:00,188.0,2.67,155.0
2018-04-05 22:00:00,182.0,2.79,54.0
2018-04-05 23:00:00,174.0,2.33,41.0
2018-04-06 00:00:00,173.0,2.34,41.0
2018-04-06 01:00:00,160.0,4.69,41.0
2018-04-06 02:00:00,152.0,2.34,41.0
2018-04-06 03:00:00,141.0,1.58,101.0
2018-04-06 04:00:00,130.0,2.62,88.0
2018-04-06 05:00:00,127.0,1.13,71.0
2018-04-06 06:00:00,210.0,1.13,110.0
2018-04-06 19:00:00,109.0,9.47,238.0
2018-04-06 20:00:00,102.0,1.46,209.0
2018-04-06 21:00:00,96.0,7.4,102.0
2018-04-06 22:00:00,87.0,9.22,115.0
2018-04-06 23:00:00,81.0,8.02,128.0
2018-04-07 00:00:00,78.0,6.15,144.0
2018-04-07 01:00:00,79.0,5.39,145.0
2018-04-07 02:00:00,72.0,1.54,131.0
2018-04-07 03:00:00,67.0,2.01,359.0
2018-04-07 04:00:00,65.0,2.18,15.0
2018-04-07 05:00:00,62.0,1.13,0.0
2018-04-07 06:00:00,119.0,1.58,101.0
2018-04-07 19:00:00,65.0,3.41,66.0
2018-04-07 20:00:00,65.0,3.2,60.0
2018-04-07 21:00:00,66.0,4.62,90.0
2018-04-07 22:00:00,67.0,6.52,95.0
2018-04-07 23:00:00,65.0,4.52,90.0
2018-05-01 16:00:00,46.5875,6.52,114.0
2018-05-01 17:00:00,45.415,5.79,105.0
2018-05-01 18:00:00,40.52333333333333,6.0,90.0
2018-05-01 19:00:00,40.39666666666667,6.18,90.0
2018-05-01 20:00:00,38.82,4.77,90.0
2018-05-01 21:00:00,28.385,4.38,90.0
2018-05-01 22:00:00,34.016666666666666,6.51,96.0
2018-05-01 23:00:00,34.63,5.49,97.0
2018-05-02 00:00:00,50.07333333333333,6.27,90.0
2018-05-02 01:00:00,33.67666666666667,4.59,90.0
2018-05-02 02:00:00,29.905,2.34,90.0
2018-05-02 03:00:00,41.34,2.34,90.0
2018-05-02 04:00:00,38.025,0.0,0.0
2018-05-02 05:00:00,38.11666666666667,2.74,90.0
2018-05-02 06:00:00,39.14666666666667,6.48,101.0
2018-05-02 07:00:00,33.75666666666667,8.47,105.0
2018-05-02 08:00:00,36.5225,8.11,104.0
2018-05-02 09:00:00,37.52,6.93,110.0
2018-05-02 10:00:00,46.836666666666666,6.55,110.0
2018-05-02 11:00:00,78.865,7.53,106.0
2018-05-02 12:00:00,108.97,7.91,102.0
2018-05-02 13:00:00,12.866666666666667,6.44,91.0
2018-05-02 14:00:00,7.3549999999999995,7.43,98.0
2018-05-02 15:00:00,27.495,7.92,119.0
2018-05-02 16:00:00,18.363333333333333,6.15,111.0
2018-05-02 17:00:00,37.730000000000004,6.96,36.0
2018-05-02 18:00:00,0.23,9.5,14.0
2018-05-02 19:00:00,3.3,6.92,45.0
2018-05-02 20:00:00,1.28,3.83,71.0
2018-05-02 21:00:00,26.615,2.71,140.0
2018-05-02 22:00:00,31.975,4.58,117.0
2018-05-02 23:00:00,40.86500000000001,5.24,90.0
2018-05-03 00:00:00,32.165,5.52,123.0
2018-05-03 01:00:00,10.53,5.61,192.0
2018-05-03 02:00:00,9.696666666666667,3.83,230.0
2018-05-03 03:00:00,21.814999999999998,4.59,50.0
2018-05-03 04:00:00,47.605000000000004,8.87,65.0
2018-05-03 05:00:00,47.295,5.59,85.0
2018-05-03 06:00:00,44.855000000000004,2.24,115.0
2018-05-03 07:00:00,26.63,3.79,106.0
2018-05-03 08:00:00,30.92,4.47,96.0
2018-05-03 12:00:00,36.71,7.65,94.0
2018-05-03 13:00:00,26.475,6.89,95.0
2018-05-03 14:00:00,15.004999999999999,7.3,90.0
2018-05-03 15:00:00,21.15,6.33,104.0
2018-05-03 16:00:00,46.915,6.15,125.0
2018-05-03 17:00:00,47.245000000000005,6.45,119.0
2018-05-03 18:00:00,29.355,7.72,115.0
2018-05-03 19:00:00,23.955,8.58,120.0
2018-05-03 20:00:00,12.475000000000001,7.17,116.0
2018-05-03 21:00:00,8.29,6.34,115.0
2018-05-03 23:00:00,41.715,7.91,108.0
2018-05-04 00:00:00,27.19,8.75,99.0
2018-05-04 01:00:00,25.525000000000002,7.72,114.0
2018-05-04 02:00:00,10.313333333333333,5.78,116.0
2018-05-04 03:00:00,12.6225,6.17,110.0
2018-05-04 04:00:00,23.863333333333333,6.16,110.0
2018-05-04 05:00:00,34.46,5.0,99.0
2018-05-04 06:00:00,43.69,5.83,90.0
2018-05-04 07:00:00,32.0225,6.15,85.0
2018-05-04 08:00:00,31.116666666666664,6.53,85.0
2018-05-04 09:00:00,31.68,7.5,107.0
2018-05-04 10:00:00,24.59,8.09,115.0
2018-05-04 12:00:00,40.57,9.47,106.0
2018-05-04 13:00:00,49.224999999999994,9.18,110.0
2018-05-04 14:00:00,39.766666666666666,7.68,96.0
2018-05-04 15:00:00,34.35,6.46,74.0
2018-05-04 16:00:00,36.165,6.55,71.0
2018-05-04 17:00:00,51.785,5.17,77.0
2018-05-04 18:00:00,66.43,4.8,78.0
2018-05-04 21:00:00,40.25,3.39,58.0
2018-05-04 22:00:00,26.435000000000002,4.14,74.0
2018-05-04 23:00:00,41.035,1.96,90.0
2018-05-05 00:00:00,43.525,1.96,60.0
2018-05-05 01:00:00,36.699999999999996,3.91,60.0
2018-05-05 02:00:00,38.37,1.96,60.0
2018-05-05 04:00:00,18.585,3.86,130.0
2018-05-05 05:00:00,27.314999999999998,3.82,113.0
2018-05-05 06:00:00,40.615,4.16,115.0
2018-05-05 07:00:00,49.155,4.23,131.0
2018-05-05 08:00:00,40.435,4.02,104.0
2018-05-05 09:00:00,34.86,4.02,129.0
2018-05-05 10:00:00,25.273333333333337,4.38,144.0
2018-05-05 12:00:00,58.69,1.45,160.0
2018-05-05 13:00:00,65.36,2.07,305.0
2018-05-05 14:00:00,68.805,4.67,338.0
2018-05-05 15:00:00,90.225,4.67,332.0
2018-05-05 16:00:00,109.55,3.83,301.0
2018-05-05 17:00:00,103.56,2.98,270.0
2018-05-05 18:00:00,109.95,3.83,290.0
2018-05-05 21:00:00,113.92666666666666,0.0,0.0
2018-05-05 22:00:00,106.38,1.58,80.0
2018-05-05 23:00:00,138.185,1.58,80.0
2018-05-06 00:00:00,126.905,1.68,110.0
2018-05-06 01:00:00,152.89499999999998,1.68,110.0
2018-05-06 02:00:00,160.41000000000003,0.0,0.0
2018-05-06 05:00:00,23.48,1.09,270.0
2018-05-06 06:00:00,21.950000000000003,2.14,255.0
2018-05-06 07:00:00,38.155,5.72,240.0
2018-05-06 08:00:00,40.019999999999996,4.13,286.0
2018-05-06 09:00:00,34.665,6.64,15.0
2018-05-06 10:00:00,7.3500000000000005,6.55,30.0
2018-05-06 11:00:00,5.42,7.65,24.0
2018-05-06 13:00:00,34.235,5.89,340.0
2018-05-06 14:00:00,32.83,7.24,35.0
2018-05-06 15:00:00,33.82333333333333,7.24,35.0
2018-05-06 16:00:00,24.89,7.63,25.0
2018-05-06 17:00:00,25.630000000000003,5.22,42.0
2018-05-06 18:00:00,33.3,5.81,49.0
2018-05-06 19:00:00,56.644999999999996,8.09,36.0
2018-05-06 22:00:00,111.14666666666666,2.7,44.0
2018-05-06 23:00:00,53.345,1.13,50.0
2018-05-07 00:00:00,55.03,0.0,0.0
2018-05-07 01:00:00,47.325,0.0,0.0
2018-05-07 02:00:00,78.32,0.0,0.0
2018-05-07 03:00:00,89.675,0.0,0.0
2018-05-07 04:00:00,116.215,0.0,0.0
2018-05-07 05:00:00,92.88,0.0,0.0
2018-05-07 06:00:00,56.260000000000005,1.13,230.0
2018-05-07 07:00:00,64.225,2.23,220.0
2018-05-07 08:00:00,84.53333333333333,1.95,240.0
2018-05-07 10:00:00,74.91499999999999,5.25,290.0
2018-05-07 12:00:00,46.004999999999995,3.1,351.0
2018-05-07 13:00:00,46.055,3.67,340.0
2018-05-07 14:00:00,74.265,4.22,331.0
2018-05-07 15:00:00,92.19,4.66,341.0
2018-05-07 16:00:00,94.44,4.27,336.0
2018-05-07 17:00:00,105.93,2.7,309.0
2018-05-07 18:00:00,61.405,2.98,289.0
2018-05-07 19:00:00,19.29,3.05,293.0
2018-05-07 20:00:00,25.68,1.13,281.0
2018-05-07 21:00:00,32.11,1.13,71.0
2018-05-07 22:00:00,27.21,1.13,71.0
2018-05-07 23:00:00,26.395000000000003,8.76,270.0
2018-05-08 00:00:00,23.12,11.94,282.0
2018-05-08 01:00:00,4.23,7.66,311.0
2018-05-08 02:00:00,4.525,9.53,311.0
2018-05-08 03:00:00,23.57,7.46,303.0
2018-05-08 06:00:00,14.316666666666665,6.39,292.0
2018-05-08 07:00:00,23.39,0.59,16.0
2018-05-08 08:00:00,22.85,4.39,160.0
2018-05-08 10:00:00,27.685,5.42,320.0
2018-05-08 11:00:00,29.005,4.01,320.0
2018-05-08 13:00:00,12.004999999999999,7.43,322.0
2018-05-08 14:00:00,21.36,9.08,296.0
2018-05-08 15:00:00,38.065,7.77,289.0
2018-05-08 16:00:00,68.78,6.92,300.0
2018-05-08 17:00:00,37.48,4.74,309.0
2018-05-08 18:00:00,25.537499999999998,4.26,301.0
2018-05-08 19:00:00,9.57,6.33,304.0
2018-05-08 20:00:00,17.445,3.09,320.0
2018-05-08 21:00:00,30.656666666666666,5.79,11.0
2018-05-08 22:00:00,42.015,7.74,35.0
2018-05-08 23:00:00,39.504999999999995,4.57,82.0
2018-05-09 00:00:00,48.739999999999995,2.17,105.0
2018-05-09 01:00:00,30.73,2.12,100.0
2018-05-09 02:00:00,36.644999999999996,1.13,80.0
2018-05-09 03:00:00,38.08666666666667,0.0,0.0
2018-05-09 04:00:00,40.849999999999994,0.0,0.0
2018-05-09 05:00:00,50.54,0.0,0.0
2018-05-09 06:00:00,58.81,1.13,251.0
2018-05-09 07:00:00,55.96,3.08,256.0
2018-05-09 08:00:00,55.345,1.96,260.0
2018-05-09 10:00:00,58.69,1.96,290.0
2018-05-09 11:00:00,53.09,2.31,307.0
2018-05-09 12:00:00,21.605,3.03,345.0
2018-05-09 13:00:00,38.995,3.72,313.0
2018-05-09 14:00:00,43.4,4.1,332.0
2018-05-09 15:00:00,53.614999999999995,5.89,9.0
2018-05-09 16:00:00,65.86,10.0,350.0
2018-05-09 17:00:00,99.13,9.33,337.0
2018-05-09 18:00:00,87.595,2.3,3.0
2018-05-09 19:00:00,82.275,2.42,10.0
2018-05-09 20:00:00,60.815,1.58,330.0
2018-05-09 21:00:00,62.11,0.0,0.0
2018-05-09 22:00:00,63.72,2.34,200.0
2018-05-09 23:00:00,84.805,2.34,200.0
2018-05-10 08:00:00,55.62,2.6,231.0
2018-05-10 09:00:00,50.665,3.06,245.0
2018-05-10 10:00:00,57.1,3.9,256.0
2018-05-10 11:00:00,67.795,5.07,243.0
2018-05-10 12:00:00,66.005,3.73,268.0
2018-05-10 13:00:00,74.6,5.07,303.0
2018-05-10 14:00:00,84.08500000000001,6.33,310.0
2018-05-10 15:00:00,79.1,6.4,320.0
2018-05-10 16:00:00,82.785,5.39,315.0
2018-05-10 18:00:00,135.53,4.66,315.0
2018-05-10 19:00:00,145.73000000000002,4.66,311.0
2018-05-10 20:00:00,142.69,2.33,311.0
2018-05-10 21:00:00,126.47999999999999,3.09,60.0
2018-05-10 22:00:00,123.53,3.09,60.0
2018-05-10 23:00:00,114.46,0.0,0.0
2018-05-11 00:00:00,178.565,0.0,0.0
2018-05-11 02:00:00,166.79500000000002,0.0,0.0
2018-05-11 03:00:00,160.135,0.0,0.0
2018-05-11 04:00:00,103.27,0.0,0.0
2018-05-11 05:00:00,77.48,0.0,0.0
2018-05-11 06:00:00,85.62,0.0,0.0
2018-05-11 07:00:00,88.28999999999999,0.0,0.0
2018-05-11 08:00:00,76.27000000000001,1.12,270.0
2018-05-11 09:00:00,52.855000000000004,2.66,259.0
2018-05-11 10:00:00,43.69499999999999,3.53,251.0
2018-05-11 11:00:00,38.623333333333335,3.19,258.0
2018-05-11 12:00:00,52.07333333333333,3.22,264.0
2018-05-11 13:00:00,76.15,4.88,278.0
2018-05-11 14:00:00,100.02,6.55,290.0
2018-05-11 15:00:00,104.995,7.27,295.0
2018-05-11 16:00:00,112.625,8.39,306.0
2018-05-11 17:00:00,137.01,6.37,327.0
2018-05-11 19:00:00,151.64,4.79,322.0
2018-05-11 20:00:00,144.82,1.58,350.0
2018-05-11 21:00:00,130.515,1.96,60.0
2018-05-11 22:00:00,100.825,3.32,78.0
2018-05-11 23:00:00,100.45500000000001,1.58,101.0
2018-05-12 00:00:00,115.095,1.13,140.0
2018-05-12 01:00:00,131.02,1.13,140.0
2018-05-12 03:00:00,95.78,1.96,191.0
2018-05-12 04:00:00,81.315,1.96,191.0
2018-05-12 05:00:00,94.255,0.0,0.0
2018-05-12 06:00:00,116.65,0.0,0.0
2018-05-12 07:00:00,141.72500000000002,0.0,0.0
2018-05-12 08:00:00,139.35000000000002,0.0,0.0
2018-05-12 09:00:00,130.115,1.58,161.0
2018-05-12 11:00:00,46.965,1.96,161.0
2018-05-12 12:00:00,72.49,2.33,71.0
2018-05-12 13:00:00,108.295,5.24,88.0
2018-05-12 14:00:00,139.07,5.79,86.0
2018-05-12 15:00:00,126.08,5.91,81.0
2018-05-12 16:00:00,132.87,10.18,162.0
2018-05-12 17:00:00,118.53999999999999,9.84,170.0
2018-05-12 18:00:00,86.72999999999999,4.32,78.0
2018-05-12 19:00:00,90.99,4.96,80.0
2018-05-12 20:00:00,97.90333333333335,4.8,71.0
2018-05-12 21:00:00,75.27,4.26,57.0
2018-05-12 22:00:00,66.4725,4.47,67.0
2018-05-12 23:00:00,45.72,5.75,66.0
2018-05-13 00:00:00,47.67,6.3,67.0
2018-05-13 01:00:00,48.925,6.89,65.0
2018-05-13 02:00:00,69.13,5.88,83.0
2018-05-13 04:00:00,91.78,5.34,109.0
2018-05-13 05:00:00,72.84666666666666,4.87,121.0
2018-05-13 06:00:00,70.44,6.2,139.0
2018-05-13 07:00:00,67.36,2.92,113.0
2018-05-13 08:00:00,70.63,3.82,55.0
2018-05-13 09:00:00,84.935,5.98,71.0
2018-05-13 10:00:00,77.3,7.26,65.0
2018-05-13 11:00:00,87.88499999999999,6.27,61.0
2018-05-13 12:00:00,0.0,5.97,55.0
2018-05-13 13:00:00,0.0,6.09,70.0
2018-05-13 15:00:00,51.583333333333336,4.01,90.0
2018-05-13 16:00:00,22.85,5.4,84.0
2018-05-13 17:00:00,13.166666666666666,8.08,142.0
2018-05-13 18:00:00,3.29,11.04,166.0
2018-05-13 19:00:00,0.215,3.83,110.0
2018-05-13 20:00:00,12.4675,11.83,22.0
2018-05-13 21:00:00,31.909999999999997,13.93,22.0
2018-05-13 22:00:00,38.915,9.62,41.0
2018-05-13 23:00:00,37.3475,5.43,34.0
2018-05-14 00:00:00,24.0375,1.75,123.0
2018-05-14 01:00:00,12.387500000000001,3.89,142.0
2018-05-14 02:00:00,17.86,1.58,110.0
2018-08-10 06:00:00,45.525,5.79,266.0
2018-08-10 07:00:00,48.17,6.81,243.0
2018-08-10 08:00:00,25.91,8.02,225.0
2018-08-10 09:00:00,33.71,3.71,135.0
2018-08-10 10:00:00,40.755,8.35,100.0
2018-08-10 11:00:00,26.335,4.02,141.0
2018-08-10 12:00:00,23.98,3.05,155.0
2018-08-10 13:00:00,45.45333333333334,3.17,150.0
2018-08-10 14:00:00,44.195,5.13,232.0
2018-08-10 15:00:00,39.3275,7.47,246.0
2018-08-10 16:00:00,6.515000000000001,2.91,240.0
2018-08-10 17:00:00,18.72,2.34,221.0
2018-08-11 00:00:00,28.48,2.34,221.0
2018-08-11 01:00:00,13.433333333333332,2.34,270.0
2018-08-11 02:00:00,22.26,4.67,265.0
2018-08-11 03:00:00,17.21,3.97,251.0
2018-08-11 04:00:00,28.325000000000003,5.7,240.0
2018-08-11 05:00:00,32.41,8.01,245.0
2018-08-11 07:00:00,30.8,5.23,234.0
2018-08-11 08:00:00,30.00333333333333,7.47,236.0
2018-08-11 09:00:00,28.97,9.7,246.0
2018-08-11 11:00:00,26.125,9.05,290.0
2018-08-11 12:00:00,24.68,9.05,290.0
2018-08-11 13:00:00,23.796666666666667,9.18,281.0
2018-08-11 16:00:00,21.430000000000003,10.84,281.0
2018-08-11 17:00:00,19.73,11.39,281.0
2018-08-11 18:00:00,28.95,9.68,276.0
2018-08-11 19:00:00,25.41333333333333,7.77,255.0
2018-08-11 20:00:00,12.36,8.58,246.0
2018-08-11 21:00:00,15.875,8.49,260.0
2018-08-11 22:00:00,11.63,8.32,254.0
2018-08-12 00:00:00,11.66,9.58,241.0
2018-08-12 01:00:00,12.42,8.61,251.0
2018-08-12 02:00:00,11.795,6.16,264.0
2018-08-12 03:00:00,13.98,5.8,275.0
2018-08-12 04:00:00,17.935,6.29,259.0
2018-08-12 05:00:00,16.72,6.93,251.0
2018-08-12 06:00:00,13.82,6.36,255.0
2018-08-12 08:00:00,4.67,3.31,260.0
2018-08-12 09:00:00,14.6,5.68,243.0
2018-08-12 10:00:00,26.8,7.38,249.0
2018-08-12 11:00:00,27.715,6.83,250.0
2018-08-12 12:00:00,23.11,6.38,240.0
2018-08-12 13:00:00,14.776666666666666,5.8,245.0
2018-08-12 14:00:00,30.52,6.36,255.0
2018-08-12 15:00:00,25.47,6.0,230.0
2018-08-12 16:00:00,25.16,6.3,175.0
2018-08-12 17:00:00,23.200000000000003,7.51,186.0
2018-08-12 18:00:00,31.63,8.03,206.0
2018-08-12 19:00:00,9.685,5.62,185.0
2018-08-12 20:00:00,20.72,5.82,170.0
2018-08-12 21:00:00,20.445,5.8,175.0
2018-08-12 22:00:00,21.36,5.99,158.0
2018-08-13 02:00:00,14.53,3.99,185.0
2018-08-13 03:00:00,20.51,5.74,190.0
2018-08-13 06:00:00,34.52,5.13,233.0
2018-08-13 08:00:00,27.32,4.35,245.0
2018-08-13 09:00:00,15.2,5.8,265.0
2018-08-13 10:00:00,29.626666666666665,6.38,270.0
2018-08-13 11:00:00,25.285,6.29,279.0
2018-08-13 12:00:00,20.9,5.8,285.0
2018-08-13 13:00:00,24.015,2.79,355.0
2018-08-13 17:00:00,31.815,3.64,71.0
2018-08-13 18:00:00,21.32,3.31,110.0
2018-08-13 19:00:00,15.57,4.01,114.0
2018-08-13 20:00:00,22.035,5.23,115.0
2018-08-13 21:00:00,32.155,5.82,120.0
2018-08-13 22:00:00,48.55,5.46,140.0
2018-08-13 23:00:00,48.585,5.23,156.0
2018-08-14 10:00:00,29.31,6.29,311.0
2018-08-14 12:00:00,28.064999999999998,7.46,35.0
2018-08-14 13:00:00,34.156666666666666,3.78,108.0
2018-08-14 16:00:00,36.95,5.53,292.0
2018-08-14 17:00:00,47.415000000000006,4.02,281.0
2018-08-15 01:00:00,44.17,5.72,150.0
2018-08-15 02:00:00,26.096666666666664,4.57,157.0
2018-08-15 03:00:00,31.544999999999998,3.89,168.0
2018-08-15 04:00:00,43.894999999999996,2.34,180.0
2018-08-15 06:00:00,18.36,4.01,216.0
2018-08-15 07:00:00,25.99,4.67,225.0
2018-08-15 08:00:00,42.295,5.23,235.0
2018-08-15 09:00:00,44.29,8.35,260.0
2018-08-15 10:00:00,54.364999999999995,9.36,292.0
2018-08-15 11:00:00,41.125,7.48,316.0
2018-08-15 12:00:00,19.96,6.16,327.0
2018-08-15 13:00:00,19.65,6.93,341.0
2018-08-15 14:00:00,22.845,4.36,2.0
2018-08-15 15:00:00,19.5,3.96,62.0
2018-08-15 16:00:00,21.83,5.23,65.0
2018-08-15 17:00:00,17.28,2.27,143.0
2018-08-15 18:00:00,25.73,6.3,175.0
2018-08-15 19:00:00,24.545,8.03,144.0
2018-08-15 20:00:00,24.93,8.08,158.0
2018-08-15 21:00:00,29.766666666666666,5.7,151.0
2018-08-15 22:00:00,30.659999999999997,4.75,132.0
2018-08-15 23:00:00,26.525,4.75,132.0
2018-08-16 00:00:00,23.945,5.08,123.0
2018-08-16 01:00:00,29.03,4.67,145.0
2018-08-16 02:00:00,27.335,4.26,125.0
2018-08-16 03:00:00,13.345,3.97,109.0
2018-08-16 04:00:00,26.745,3.31,110.0
2018-08-16 05:00:00,32.04,1.68,101.0
2018-08-16 07:00:00,15.885,2.34,60.0
2018-08-16 08:00:00,15.27,4.53,75.0
2018-08-16 09:00:00,21.825000000000003,4.67,85.0
2018-08-16 10:00:00,11.84,4.61,90.0
2018-08-16 11:00:00,48.005,4.67,95.0
2018-08-16 12:00:00,29.423333333333332,4.62,100.0
2018-08-16 13:00:00,30.286666666666665,4.4,130.0
2018-08-16 14:00:00,28.38,4.67,155.0
2018-08-16 15:00:00,33.72666666666667,2.7,247.0
2018-08-16 16:00:00,46.28,4.99,280.0
2018-08-16 18:00:00,56.79,3.47,20.0
2018-08-16 19:00:00,55.78,1.68,90.0
2018-08-16 20:00:00,46.955,4.01,84.0
2018-08-16 21:00:00,63.04,3.89,67.0
2018-08-16 22:00:00,43.855000000000004,1.68,50.0
2018-08-16 23:00:00,40.519999999999996,0.0,0.0
2018-08-17 00:00:00,31.525,0.0,0.0
2018-08-17 01:00:00,24.28,0.0,0.0
2018-08-17 02:00:00,15.375,0.0,0.0
2018-08-17 03:00:00,18.785,1.68,80.0
2018-08-17 04:00:00,17.89,3.3,90.0
2018-08-17 05:00:00,22.57,4.58,106.0
2018-08-17 07:00:00,25.43,5.23,85.0
2018-08-17 08:00:00,20.92,6.55,107.0
2018-08-17 10:00:00,20.88,9.13,126.0
2018-08-17 11:00:00,27.12,8.01,125.0
2018-08-17 12:00:00,18.835,8.61,131.0
2018-08-17 13:00:00,19.13,8.03,126.0
2018-08-17 15:00:00,19.950000000000003,8.49,141.0
2018-08-17 16:00:00,38.77,8.01,125.0
2018-08-17 17:00:00,28.65,5.53,65.0
2018-08-17 18:00:00,25.75,8.32,33.0
2018-08-17 19:00:00,27.35,8.02,45.0
2018-08-17 20:00:00,30.225,7.38,50.0
2018-08-17 21:00:00,26.475,6.83,50.0
2018-08-17 22:00:00,24.58,6.38,41.0
2018-08-17 23:00:00,25.67,5.82,41.0
2018-08-18 00:00:00,35.959999999999994,5.62,56.0
2018-08-18 01:00:00,26.61,4.59,71.0
2018-08-18 02:00:00,24.240000000000002,3.17,90.0
2018-08-18 03:00:00,30.84,3.35,105.0
2018-08-18 04:00:00,38.2,4.58,106.0
2018-08-18 05:00:00,16.73,5.17,119.0
2018-08-18 07:00:00,21.555,4.62,110.0
2018-08-18 08:00:00,32.13,5.18,131.0
2018-08-18 09:00:00,11.45,6.35,145.0
2018-08-18 10:00:00,16.195,7.46,156.0
2018-08-18 11:00:00,36.60666666666666,7.93,170.0
2018-08-18 12:00:00,15.530000000000001,6.84,172.0
2018-08-18 13:00:00,11.68,6.27,149.0
2018-08-18 14:00:00,19.31,5.79,144.0
2018-08-19 06:00:00,65.21,3.97,112.0
2018-08-19 07:00:00,50.83,3.78,103.0
2018-08-19 08:00:00,63.03,3.05,55.0
2018-08-19 09:00:00,3.555,3.31,40.0
2018-08-19 10:00:00,5.635,2.62,111.0
2018-08-19 11:00:00,13.89,2.38,192.0
2018-08-19 12:00:00,40.73,3.5,295.0
2018-08-19 13:00:00,43.065,3.74,268.0
2018-08-19 18:00:00,57.13,2.34,191.0
2018-08-19 20:00:00,47.44,2.34,221.0
2018-08-19 22:00:00,48.89,1.12,170.0
2018-08-19 23:00:00,56.3,2.8,170.0
2018-08-20 00:00:00,62.51,2.71,181.0
2018-08-20 03:00:00,44.46333333333333,0.0,0.0
2018-08-20 04:00:00,46.46,0.0,0.0
2018-08-20 05:00:00,66.955,0.0,0.0
2018-08-20 06:00:00,89.8,0.0,0.0
2018-08-20 07:00:00,87.36,2.34,240.0
2018-08-20 08:00:00,75.58,2.34,240.0
2018-08-20 10:00:00,69.28999999999999,6.9,55.0
2018-08-20 11:00:00,54.26,6.7,75.0
2018-08-20 12:00:00,49.37,9.04,102.0
2018-08-20 13:00:00,52.6,12.08,110.0
2018-08-20 14:00:00,52.34,8.06,123.0
2018-08-20 16:00:00,29.073333333333334,4.62,140.0
2018-08-20 17:00:00,29.455,4.67,135.0
2018-08-21 00:00:00,13.835,4.53,125.0
2018-08-21 01:00:00,18.990000000000002,4.67,105.0
2018-08-21 02:00:00,16.7,4.62,110.0
2018-08-21 03:00:00,23.116666666666664,4.62,110.0
2018-08-21 05:00:00,31.23,5.62,127.0
2018-08-21 06:00:00,25.75,5.73,132.0
2018-08-21 07:00:00,25.45,5.23,114.0
2018-08-21 08:00:00,26.82,5.8,115.0
2018-08-21 11:00:00,21.53,5.82,101.0
2018-08-21 12:00:00,18.98,8.49,110.0
2018-08-21 13:00:00,20.99,8.87,116.0
2018-08-21 14:00:00,24.35,8.32,117.0
2018-08-21 15:00:00,22.16,8.05,101.0
2018-08-21 16:00:00,34.525,7.38,110.0
2018-08-21 17:00:00,25.59,6.35,125.0
2018-08-22 06:00:00,24.145000000000003,3.31,100.0
2018-08-22 07:00:00,27.92,1.68,90.0
2018-08-22 08:00:00,25.130000000000003,2.34,150.0
2018-08-22 09:00:00,5.715,5.62,168.0
2018-08-22 10:00:00,13.195,7.38,170.0
2018-08-22 11:00:00,21.71,8.01,155.0
2018-08-22 12:00:00,34.205,8.58,144.0
2018-08-22 15:00:00,32.36,5.3,215.0
2018-08-22 16:00:00,29.945,8.34,295.0
2018-08-22 17:00:00,29.1,6.55,342.0
2018-08-22 18:00:00,30.155,4.59,20.0
2018-08-22 19:00:00,26.26,2.62,81.0
2018-08-22 21:00:00,18.743333333333332,0.0,0.0
2018-08-22 22:00:00,18.17,2.34,120.0
2018-08-22 23:00:00,21.53,4.67,115.0
2018-08-23 00:00:00,18.634999999999998,4.67,115.0
2018-08-23 01:00:00,26.486666666666668,4.67,115.0
2018-08-23 02:00:00,14.594999999999999,4.3,149.0
2018-08-23 06:00:00,6.005,5.62,178.0
2018-08-23 07:00:00,13.695,6.81,217.0
2018-08-23 08:00:00,28.255000000000003,9.04,251.0
2018-08-23 09:00:00,25.46,10.29,260.0
2018-08-23 10:00:00,23.205,8.59,256.0
2018-08-23 11:00:00,20.375,7.46,245.0
2018-08-23 12:00:00,14.290000000000001,9.04,251.0
2018-08-23 13:00:00,13.2,9.58,269.0
2018-08-23 14:00:00,13.84,9.16,285.0
2018-08-23 15:00:00,13.66,8.49,280.0
2018-08-23 18:00:00,16.5675,5.82,260.0
2018-08-23 19:00:00,16.025,5.25,260.0
2018-08-23 20:00:00,20.15,5.79,266.0
2018-08-23 21:00:00,10.780000000000001,6.29,261.0
2018-08-24 03:00:00,8.245000000000001,6.91,255.0
2018-08-24 04:00:00,15.795000000000002,6.93,251.0
2018-08-24 05:00:00,17.275,6.38,251.0
2018-08-24 06:00:00,14.57,6.38,251.0
2018-08-24 07:00:00,6.15,6.83,260.0
2018-08-24 08:00:00,14.69,6.93,270.0
2018-08-24 09:00:00,19.31,6.83,260.0
2018-08-24 10:00:00,13.275,5.73,258.0
2018-08-24 11:00:00,15.530000000000001,4.67,275.0
2018-08-24 12:00:00,13.255,5.73,292.0
2018-08-24 13:00:00,14.56,5.99,282.0
2018-08-24 14:00:00,15.344999999999999,7.47,266.0
2018-08-24 15:00:00,10.56,9.15,275.0
2018-08-24 16:00:00,29.0,9.7,275.0
2018-08-24 17:00:00,29.74,9.17,270.0
2018-08-24 18:00:00,25.36,8.01,265.0
2018-08-24 19:00:00,20.380000000000003,6.37,260.0
2018-08-24 20:00:00,20.295,4.62,250.0
2018-08-24 21:00:00,12.495000000000001,4.67,245.0
2018-08-24 22:00:00,11.050000000000002,5.17,239.0
2018-08-24 23:00:00,10.925,7.38,242.0
2018-08-25 00:00:00,10.04,9.18,251.0
2018-08-25 01:00:00,7.465,8.61,251.0
2018-08-25 02:00:00,14.87,8.49,261.0
2018-08-25 05:00:00,21.25,8.05,281.0
2018-08-25 06:00:00,16.770000000000003,8.01,275.0
2018-08-25 07:00:00,25.494999999999997,7.49,270.0
2018-08-25 08:00:00,15.375,8.06,270.0
2018-08-25 09:00:00,17.39,10.29,270.0
2018-08-25 10:00:00,13.59,11.39,270.0
2018-08-25 11:00:00,10.51,10.8,265.0
2018-08-25 12:00:00,17.72,10.8,265.0
2018-08-25 13:00:00,15.9,10.69,279.0
2018-08-25 14:00:00,13.245000000000001,10.69,279.0
2018-08-25 15:00:00,14.886666666666665,10.14,279.0
2018-08-25 16:00:00,10.65,7.5,290.0
2018-08-25 17:00:00,14.165,5.8,285.0
2018-08-25 18:00:00,23.78,4.57,277.0
2018-08-25 19:00:00,34.88,3.78,246.0
2018-08-25 20:00:00,15.53,5.79,236.0
2018-08-25 21:00:00,11.983333333333334,6.9,245.0
2018-08-25 22:00:00,14.725,5.62,238.0
2018-08-25 23:00:00,15.16,6.16,240.0
2018-08-27 04:00:00,0.2,5.82,60.0
2018-08-27 05:00:00,24.33,5.8,55.0
2018-08-27 06:00:00,25.47,4.59,50.0
2018-08-27 07:00:00,29.13333333333333,2.71,61.0
2018-08-27 08:00:00,35.16,4.47,57.0
2018-08-27 11:00:00,18.55,5.18,41.0
2018-08-27 12:00:00,20.213333333333335,5.62,48.0
2018-08-27 13:00:00,26.83,6.9,55.0
2018-08-27 14:00:00,53.68,5.73,42.0
2018-08-27 15:00:00,34.144999999999996,4.67,25.0
2018-08-27 16:00:00,36.9075,4.53,35.0
2018-08-27 17:00:00,46.69499999999999,1.12,230.0
2018-08-27 18:00:00,41.02333333333333,5.15,230.0
2018-08-27 19:00:00,42.22,3.36,230.0
2018-08-27 20:00:00,30.183333333333337,1.68,230.0
2018-08-27 21:00:00,29.622500000000002,1.12,120.0
2018-08-28 00:00:00,6.68,1.72,160.0
2018-08-28 01:00:00,2.6525,3.36,220.0
2018-08-28 02:00:00,14.386666666666665,2.34,230.0
2018-08-28 03:00:00,19.310000000000002,1.68,41.0
2018-08-28 04:00:00,39.28,4.2,72.0
2018-08-28 05:00:00,31.166666666666668,3.71,28.0
2018-08-28 06:00:00,41.38333333333333,9.02,327.0
2018-08-28 07:00:00,37.973333333333336,9.58,311.0
2018-08-28 08:00:00,21.479999999999997,3.92,334.0
2018-08-28 09:00:00,25.35,5.62,67.0
2018-08-28 10:00:00,24.705,6.9,85.0
2018-08-28 11:00:00,12.48,0.8,131.0
2018-08-28 12:00:00,12.567499999999999,6.35,265.0
2018-08-28 13:00:00,22.58666666666667,5.99,288.0
2018-08-28 14:00:00,16.335,7.48,316.0
2018-08-28 15:00:00,17.7975,10.25,325.0
2018-08-28 16:00:00,17.926666666666666,9.39,358.0
2018-08-28 17:00:00,18.343333333333334,8.85,53.0
2018-08-28 18:00:00,11.229999999999999,7.48,76.0
2018-08-28 19:00:00,12.52,6.01,92.0
2018-08-28 20:00:00,13.955,6.35,114.0
2018-08-28 21:00:00,9.075,5.8,93.0
2018-08-28 22:00:00,5.11,6.35,66.0
2018-08-29 00:00:00,27.673333333333336,5.18,111.0
2018-08-29 01:00:00,20.8,4.01,104.0
2018-08-29 02:00:00,21.26,4.53,97.0
2018-08-29 03:00:00,43.16,4.57,94.0
2018-08-29 04:00:00,42.29666666666667,4.59,101.0
2018-08-29 05:00:00,27.214999999999996,5.8,95.0
2018-08-29 06:00:00,20.99,5.08,103.0
2018-08-29 07:00:00,40.94,5.62,102.0
2018-08-29 09:00:00,5.175000000000001,8.49,99.0
2018-08-29 10:00:00,22.740000000000002,6.9,114.0
2018-08-29 11:00:00,28.095,6.35,126.0
2018-08-29 12:00:00,29.185,5.53,103.0
2018-08-29 13:00:00,15.033333333333333,5.0,147.0
2018-08-29 14:00:00,3.62,4.5,169.0
2018-08-29 15:00:00,20.4,0.75,283.0
2018-08-29 16:00:00,15.52,0.61,330.0
2018-08-29 18:00:00,29.32,5.7,258.0
2018-08-29 19:00:00,25.27,6.0,244.0
2018-08-29 21:00:00,34.06333333333333,0.0,0.0
2018-08-29 22:00:00,40.82,0.0,0.0
2018-08-29 23:00:00,26.736666666666668,0.0,0.0
2018-09-01 00:00:00,21.93,4.59,131.0
2018-09-01 01:00:00,19.740000000000002,2.53,166.0
2018-09-01 02:00:00,27.9,1.68,251.0
2018-09-01 03:00:00,19.18,0.0,0.0
2018-09-01 04:00:00,9.254999999999999,1.68,230.0
2018-09-01 05:00:00,17.43,3.36,230.0
2018-09-01 06:00:00,20.66,3.89,212.0
2018-09-01 07:00:00,19.355,4.23,225.0
2018-09-01 11:00:00,31.313333333333333,2.38,198.0
2018-09-01 12:00:00,32.71,5.79,246.0
2018-09-01 13:00:00,38.46,6.54,270.0
2018-09-01 14:00:00,25.88,5.99,308.0
2018-09-01 15:00:00,31.355,5.62,315.0
2018-09-01 16:00:00,28.755000000000003,4.78,278.0
2018-09-01 17:00:00,39.51333333333333,3.89,263.0
2018-09-01 18:00:00,43.126666666666665,1.68,281.0
2018-09-01 19:00:00,60.36,0.0,0.0
2018-09-01 20:00:00,51.595,1.12,200.0
2018-09-01 21:00:00,39.195,2.24,200.0
2018-09-02 00:00:00,14.68,3.89,88.0
2018-09-02 01:00:00,8.82,2.71,82.0
2018-09-02 02:00:00,12.715,4.59,251.0
2018-09-02 03:00:00,21.29,8.87,266.0
2018-09-02 04:00:00,24.625,6.55,258.0
2018-09-02 06:00:00,19.343333333333334,9.16,285.0
2018-09-02 07:00:00,17.035,9.16,285.0
2018-09-02 08:00:00,13.645,9.58,301.0
2018-09-02 09:00:00,40.035,9.74,311.0
2018-09-02 10:00:00,27.240000000000002,9.16,315.0
2018-09-02 11:00:00,32.910000000000004,10.12,331.0
2018-09-02 12:00:00,36.72,10.74,0.0
2018-09-02 13:00:00,40.415,8.46,355.0
2018-09-02 14:00:00,32.644999999999996,6.84,311.0
2018-09-02 15:00:00,31.05,5.74,310.0
2018-09-02 16:00:00,27.296666666666667,5.08,333.0
2018-09-02 17:00:00,17.805,4.53,335.0
2018-09-02 18:00:00,21.13,4.53,335.0
2018-09-02 19:00:00,18.89,4.23,15.0
2018-09-02 20:00:00,29.36,2.34,41.0
2018-09-02 21:00:00,22.04,0.0,0.0
2018-09-03 00:00:00,43.32,0.0,0.0
2018-09-03 01:00:00,35.14,0.0,0.0
2018-09-03 02:00:00,43.325,0.0,0.0
2018-09-03 03:00:00,49.42,0.0,0.0
2018-09-03 04:00:00,57.96666666666667,0.0,0.0
2018-09-03 05:00:00,52.76,0.0,0.0
2018-09-03 07:00:00,76.68,2.34,60.0
2018-09-03 08:00:00,14.68,1.68,30.0
2018-09-03 09:00:00,16.915,2.91,0.0
2018-09-04 00:00:00,35.08,0.0,0.0
2018-09-04 01:00:00,29.37,0.0,0.0
2018-09-04 02:00:00,48.245000000000005,0.0,0.0
2018-09-04 03:00:00,54.083333333333336,0.0,0.0
2018-09-04 04:00:00,47.20333333333334,0.0,0.0
2018-09-04 05:00:00,29.21,0.0,0.0
2018-09-04 06:00:00,56.07,0.0,0.0
2018-09-04 08:00:00,60.34,1.68,251.0
2018-09-04 09:00:00,36.07,3.96,238.0
2018-09-04 10:00:00,17.67,4.4,250.0
2018-09-04 11:00:00,23.320000000000004,5.62,288.0
2018-09-04 12:00:00,22.064999999999998,0.63,25.0
2018-09-04 13:00:00,25.34,6.38,110.0
2018-09-04 14:00:00,17.740000000000002,2.96,212.0
2018-09-04 15:00:00,27.884999999999998,8.61,251.0
2018-09-04 16:00:00,26.255000000000003,7.49,251.0
2018-09-04 17:00:00,33.355000000000004,6.93,251.0
2018-09-04 19:00:00,23.78,6.37,270.0
2018-09-04 20:00:00,43.333333333333336,4.02,270.0
2018-09-04 21:00:00,61.13,3.31,280.0
2018-09-04 22:00:00,35.695,1.68,290.0
2018-09-04 23:00:00,20.465,2.91,251.0
2018-09-05 00:00:00,20.465,2.91,251.0
2018-09-05 01:00:00,23.795,1.68,260.0
2018-09-05 02:00:00,21.43,4.01,266.0
2018-09-05 03:00:00,17.18,3.97,262.0
2018-09-05 04:00:00,19.61,3.24,266.0
2018-09-05 05:00:00,30.290000000000003,3.36,281.0
2018-09-05 06:00:00,10.96,1.68,281.0
2018-09-05 07:00:00,30.465,1.68,320.0
2018-09-05 08:00:00,27.7,3.31,1.0
2018-09-05 09:00:00,26.16,2.7,335.0
2018-09-05 10:00:00,26.896666666666665,5.79,274.0
2018-09-05 11:00:00,29.73,6.93,270.0
2018-09-05 12:00:00,35.94,6.9,275.0
2018-09-05 13:00:00,29.03,8.06,281.0
2018-09-05 14:00:00,27.45,8.58,276.0
2018-09-05 15:00:00,28.405,8.32,286.0
2018-09-05 16:00:00,41.035,8.58,295.0
2018-09-05 17:00:00,45.599999999999994,6.93,290.0
2018-09-05 18:00:00,52.275,5.62,275.0
2018-09-05 19:00:00,50.47,5.24,255.0
2018-09-05 20:00:00,53.89,4.69,251.0
2018-09-05 21:00:00,55.36,2.34,251.0
2018-09-05 22:00:00,42.625,0.0,0.0
2018-09-05 23:00:00,25.84,2.34,230.0
2018-09-07 00:00:00,19.81,2.34,200.0
2018-09-07 01:00:00,19.686666666666667,1.68,200.0
2018-09-07 02:00:00,27.74,1.68,200.0
2018-09-07 03:00:00,44.34,0.0,0.0
2018-09-07 04:00:00,45.14333333333334,0.0,0.0
2018-09-07 05:00:00,41.82,0.0,0.0
2018-09-07 06:00:00,32.42,1.68,191.0
2018-09-07 07:00:00,51.364999999999995,3.35,195.0
2018-09-07 08:00:00,42.065,1.68,200.0
2018-09-07 09:00:00,23.1,0.0,0.0
2018-09-07 10:00:00,37.98,2.34,140.0
2018-09-07 11:00:00,5.145,4.53,155.0
2018-09-07 12:00:00,12.09,2.66,131.0
2018-09-07 13:00:00,39.34,3.77,179.0
2018-09-07 14:00:00,38.45,1.68,200.0
2018-09-07 15:00:00,43.150000000000006,5.14,200.0
2018-09-07 16:00:00,48.025,10.14,212.0
2018-09-07 17:00:00,41.66,2.91,251.0
2018-09-07 19:00:00,11.43,1.68,320.0
2018-09-07 20:00:00,21.603333333333335,0.0,0.0
2018-09-07 21:00:00,19.855,2.34,350.0
2018-09-07 22:00:00,10.27,4.93,12.0
2018-09-07 23:00:00,22.93,4.93,48.0
2018-10-20 00:00:00,210.595,0.0,0.0
2018-10-20 01:00:00,196.825,0.0,0.0
2018-10-20 02:00:00,187.19,0.0,0.0
2018-10-20 03:00:00,214.35333333333335,0.0,0.0
2018-10-20 04:00:00,193.30666666666664,0.0,0.0
2018-10-20 05:00:00,164.495,0.0,0.0
2018-10-20 06:00:00,112.575,0.0,0.0
2018-10-20 07:00:00,126.02666666666666,0.0,0.0
2018-10-20 08:00:00,70.875,0.0,0.0
2018-10-20 09:00:00,55.465,1.4,264.0
2018-10-20 10:00:00,57.5,1.35,325.0
2018-10-20 11:00:00,52.1375,2.76,22.0
2018-10-20 12:00:00,60.5725,2.65,330.0
2018-10-20 13:00:00,73.255,3.21,304.0
2018-10-20 14:00:00,78.28333333333333,3.46,324.0
2018-10-20 15:00:00,82.73,4.49,343.0
2018-10-20 16:00:00,94.095,4.08,357.0
2018-10-20 17:00:00,110.205,2.79,15.0
2018-10-20 18:00:00,112.44333333333333,2.06,36.0
2018-10-20 19:00:00,125.44999999999999,2.28,11.0
2018-10-20 20:00:00,131.175,4.41,0.0
2018-10-20 21:00:00,139.16,5.23,5.0
2018-10-21 00:00:00,135.8225,0.0,0.0
2018-10-21 01:00:00,145.06333333333333,0.0,0.0
2018-10-21 02:00:00,162.65,0.0,0.0
2018-10-21 03:00:00,158.815,0.0,0.0
2018-10-21 04:00:00,151.785,1.68,71.0
2018-10-21 05:00:00,92.6,3.24,56.0
2018-10-21 06:00:00,72.44000000000001,1.68,41.0
2018-10-21 07:00:00,45.91,0.0,0.0
2018-10-21 08:00:00,58.485,1.5,260.0
2018-10-21 09:00:00,70.14,1.5,260.0
2018-10-21 10:00:00,62.94,2.24,279.0
2018-10-21 11:00:00,42.49,5.05,284.0
2018-10-21 12:00:00,45.1275,4.53,304.0
2018-10-21 13:00:00,77.375,4.93,337.0
2018-10-21 14:00:00,100.43333333333332,5.13,347.0
2018-10-21 15:00:00,98.98000000000002,5.59,336.0
2018-10-21 16:00:00,126.8725,5.93,327.0
2018-10-21 17:00:00,129.35000000000002,3.79,333.0
2018-10-21 18:00:00,126.96333333333332,2.44,305.0
2018-10-21 19:00:00,124.76333333333332,2.36,270.0
2018-10-22 04:00:00,75.91,4.01,256.0
2018-10-22 05:00:00,95.45500000000001,4.67,255.0
2018-10-22 06:00:00,89.98,4.01,254.0
2018-10-22 07:00:00,67.08,3.08,258.0
2018-10-22 08:00:00,50.83,3.15,253.0
2018-10-22 09:00:00,52.6,3.76,257.0
2018-10-22 10:00:00,34.855000000000004,4.6,268.0
2018-10-22 11:00:00,30.586666666666662,6.27,278.0
2018-10-22 12:00:00,38.48,7.93,287.0
2018-10-23 06:00:00,92.47,0.0,0.0
2018-10-23 07:00:00,57.78666666666667,0.0,0.0
2018-10-23 08:00:00,54.81666666666666,0.0,0.0
2018-10-23 10:00:00,39.33,2.95,258.0
2018-10-23 11:00:00,29.376666666666665,3.72,252.0
2018-10-23 12:00:00,43.44,3.75,247.0
2018-10-23 13:00:00,62.19333333333333,3.78,242.0
2018-10-23 14:00:00,82.04333333333334,3.69,241.0
2018-10-23 15:00:00,96.47,4.1,266.0
2018-10-23 16:00:00,118.4425,4.93,289.0
2018-10-23 17:00:00,116.74000000000001,4.3,295.0
2018-10-23 18:00:00,113.3475,2.18,325.0
2018-10-23 19:00:00,122.08999999999999,2.06,34.0
2018-10-23 20:00:00,148.66666666666666,3.2,33.0
2018-10-23 21:00:00,161.67333333333332,3.97,38.0
2018-10-23 22:00:00,140.76999999999998,3.89,67.0
2018-10-23 23:00:00,141.13333333333335,2.34,80.0
2018-10-24 00:00:00,156.86333333333334,0.0,0.0
2018-10-24 01:00:00,140.04666666666665,0.0,0.0
2018-10-24 02:00:00,134.42000000000002,0.0,0.0
2018-10-24 03:00:00,122.51,0.0,0.0
2018-10-24 04:00:00,129.32999999999998,2.34,200.0
2018-10-24 05:00:00,74.86500000000001,2.34,200.0
2018-10-24 06:00:00,53.195,0.0,0.0
2018-10-24 07:00:00,54.51,0.55,230.0
2018-10-24 08:00:00,47.24,1.09,230.0
2018-10-24 09:00:00,67.76,1.93,235.0
2018-10-24 10:00:00,69.54,1.25,200.0
2018-10-24 11:00:00,104.91666666666667,1.72,125.0
2018-10-24 12:00:00,73.30000000000001,2.36,131.0
2018-10-24 13:00:00,64.66,3.23,134.0
2018-10-24 14:00:00,80.2875,0.48,106.0
2018-10-24 15:00:00,106.345,2.7,14.0
2018-10-24 16:00:00,121.49000000000001,4.33,39.0
2018-10-24 17:00:00,167.76,3.77,41.0
2018-10-24 18:00:00,140.23,2.69,54.0
2018-10-24 19:00:00,138.305,2.07,60.0
2018-10-24 20:00:00,129.38333333333333,2.54,60.0
2018-10-24 21:00:00,123.2225,3.34,65.0
2018-10-24 22:00:00,119.37,1.68,71.0
2018-10-25 00:00:00,118.13,0.0,0.0
2018-10-25 01:00:00,119.8,0.0,0.0
2018-10-25 02:00:00,108.62,0.0,0.0
2018-10-25 03:00:00,99.06,0.0,0.0
2018-10-25 04:00:00,110.295,0.0,0.0
2018-10-25 05:00:00,107.235,0.0,0.0
2018-10-25 06:00:00,80.78666666666668,0.0,0.0
2018-10-25 07:00:00,98.19,0.0,0.0
2018-10-25 08:00:00,80.4,0.0,0.0
2018-10-25 09:00:00,79.52,0.0,0.0
2018-10-25 10:00:00,85.01333333333334,1.75,60.0
2018-10-25 11:00:00,76.39750000000001,4.02,69.0
2018-10-25 12:00:00,69.06,4.29,77.0
2018-10-25 13:00:00,71.25333333333333,4.17,69.0
2018-10-25 14:00:00,86.45,3.97,55.0
2018-10-25 15:00:00,108.09333333333332,4.08,50.0
2018-10-25 16:00:00,140.7925,4.65,48.0
2018-10-25 17:00:00,158.115,4.65,48.0
2018-10-25 18:00:00,165.13333333333333,3.18,52.0
2018-10-25 19:00:00,167.16333333333333,2.06,66.0
2018-10-25 20:00:00,175.9275,3.55,71.0
2018-10-25 21:00:00,179.35666666666665,2.34,71.0
2018-10-25 22:00:00,144.09,1.68,110.0
2018-10-25 23:00:00,144.15,1.68,110.0
2018-10-26 00:00:00,172.79,0.0,0.0
2018-10-26 01:00:00,160.56249999999997,0.0,0.0
2018-10-26 02:00:00,158.5025,0.0,0.0
2018-10-26 03:00:00,158.88333333333333,1.68,90.0
2018-10-26 04:00:00,154.6825,1.68,90.0
2018-10-26 05:00:00,142.09,0.0,0.0
2018-10-26 06:00:00,144.20666666666668,0.0,0.0
2018-10-26 07:00:00,131.76000000000002,0.0,0.0
2018-10-26 08:00:00,136.76000000000002,0.0,0.0
2018-10-26 10:00:00,118.815,1.5,251.0
2018-10-26 11:00:00,85.28,2.72,275.0
2018-10-26 12:00:00,73.36999999999999,3.14,310.0
2018-10-26 13:00:00,81.80666666666667,3.29,340.0
2018-10-26 14:00:00,108.07333333333334,3.22,347.0
2018-10-26 15:00:00,105.93333333333332,2.74,17.0
2018-10-26 16:00:00,112.63999999999999,3.98,41.0
2018-10-26 17:00:00,143.11,3.18,36.0
2018-10-26 18:00:00,142.77,1.2,41.0
2018-10-26 19:00:00,135.35250000000002,0.0,0.0
2018-10-26 20:00:00,157.44333333333333,0.0,0.0
2018-10-26 21:00:00,144.11333333333334,0.0,0.0
2018-10-27 00:00:00,165.61,0.0,0.0
2018-10-27 01:00:00,172.99,0.0,0.0
2018-10-27 02:00:00,187.93,0.0,0.0
2018-10-27 03:00:00,207.42666666666665,0.0,0.0
2018-10-27 04:00:00,198.795,0.0,0.0
2018-10-27 05:00:00,153.23,0.0,0.0
2018-10-27 06:00:00,149.37666666666667,0.0,0.0
2018-10-27 07:00:00,119.84666666666665,0.86,251.0
2018-10-27 08:00:00,135.8066666666667,1.72,255.0
2018-10-27 09:00:00,145.58749999999998,0.86,260.0
2018-10-27 10:00:00,132.97,0.0,0.0
2018-10-27 11:00:00,130.07,0.0,0.0
2018-10-27 12:00:00,109.085,0.67,38.0
2018-10-27 13:00:00,114.41666666666667,1.88,40.0
2018-10-27 14:00:00,136.05666666666667,2.71,19.0
2018-10-27 15:00:00,151.845,3.36,4.0
2018-10-27 16:00:00,163.54,4.25,1.0
2018-10-27 17:00:00,177.32000000000002,4.85,352.0
2018-10-27 18:00:00,197.19000000000003,2.34,345.0
2018-10-27 19:00:00,227.745,0.0,0.0
2018-10-27 20:00:00,222.315,0.0,0.0
2018-10-27 21:00:00,214.20250000000001,0.0,0.0
2018-10-27 22:00:00,316.16,0.0,0.0
2018-10-27 23:00:00,257.705,0.0,0.0
2018-10-28 00:00:00,263.99,0.0,0.0
2018-10-28 01:00:00,237.48666666666668,0.0,0.0
2018-10-28 02:00:00,176.82000000000002,0.0,0.0
2018-10-28 03:00:00,185.96,1.68,281.0
2018-10-28 04:00:00,168.14666666666668,1.68,281.0
2018-10-28 05:00:00,159.75,1.68,251.0
2018-10-28 06:00:00,163.74333333333334,4.01,256.0
2018-10-28 07:00:00,130.34,3.43,266.0
2018-10-28 08:00:00,120.25333333333333,2.77,268.0
2018-10-28 09:00:00,87.93333333333332,3.99,260.0
2018-10-28 10:00:00,65.825,4.64,258.0
2018-10-28 11:00:00,91.74,5.2,263.0
2018-10-28 12:00:00,115.99666666666667,5.75,280.0
2018-10-28 13:00:00,117.575,5.14,297.0
2018-10-28 14:00:00,130.98,5.21,304.0
2018-10-28 15:00:00,153.17333333333332,6.11,299.0
2018-10-28 16:00:00,150.8,5.07,316.0
2018-10-28 17:00:00,149.6375,4.09,349.0
2018-10-28 18:00:00,155.72500000000002,2.91,357.0
2018-10-28 19:00:00,180.415,1.2,0.0
2018-10-28 20:00:00,216.56,0.0,0.0
2018-10-28 21:00:00,214.265,0.0,0.0
2018-10-28 22:00:00,192.93999999999997,0.0,0.0
2018-10-28 23:00:00,193.73333333333335,0.0,0.0
2018-10-29 00:00:00,248.25,0.0,0.0
2018-10-29 01:00:00,229.51,0.0,0.0
2018-10-29 02:00:00,226.47,0.0,0.0
2018-10-29 03:00:00,140.64,0.0,0.0
2018-10-29 04:00:00,156.0075,0.0,0.0
2018-10-29 05:00:00,159.38,0.0,0.0
2018-10-29 06:00:00,180.17000000000002,0.0,0.0
2018-10-29 07:00:00,159.745,0.0,0.0
2018-10-29 08:00:00,89.54,1.61,285.0
2018-10-29 09:00:00,87.735,3.22,285.0
2018-10-29 10:00:00,64.825,3.78,264.0
2018-10-29 11:00:00,68.38499999999999,4.79,254.0
2018-10-29 12:00:00,107.35000000000001,4.71,269.0
2018-10-29 13:00:00,98.6,4.97,286.0
2018-10-29 14:00:00,170.08,5.73,289.0
2018-10-29 15:00:00,206.285,5.05,286.0
2018-10-29 16:00:00,188.07,3.87,297.0
2018-10-29 17:00:00,183.22333333333333,3.63,303.0
2018-10-29 18:00:00,251.675,3.04,296.0
2018-10-29 19:00:00,256.51,1.93,289.0
2018-10-29 20:00:00,243.42999999999998,0.55,281.0
2018-10-29 21:00:00,233.54000000000002,0.0,0.0
2018-10-29 22:00:00,224.46,0.0,0.0
2018-10-29 23:00:00,243.12666666666667,0.0,0.0
2018-10-30 00:00:00,292.7,0.86,260.0
2018-10-30 01:00:00,269.90000000000003,1.2,260.0
2018-10-30 02:00:00,252.76,0.0,0.0
2018-10-30 03:00:00,223.60999999999999,0.0,0.0
2018-10-31 00:00:00,151.4,0.0,0.0
2018-10-31 01:00:00,167.695,1.68,101.0
2018-10-31 02:00:00,163.1325,1.68,101.0
2018-10-31 03:00:00,169.385,0.0,0.0
2018-10-31 04:00:00,130.34333333333333,0.0,0.0
2018-10-31 05:00:00,124.105,0.0,0.0
2018-10-31 06:00:00,138.27333333333334,1.68,80.0
2018-10-31 07:00:00,123.44666666666667,2.4,93.0
2018-10-31 08:00:00,103.89500000000001,0.86,120.0
2018-10-31 09:00:00,123.96,0.0,0.0
2018-11-01 05:00:00,108.41,0.0,0.0
2018-11-01 06:00:00,107.74000000000001,0.0,0.0
2018-11-01 07:00:00,111.51,0.0,0.0
2018-11-01 08:00:00,113.45666666666666,0.0,0.0
2018-11-01 09:00:00,113.92749999999998,1.68,101.0
2018-11-01 10:00:00,136.57333333333335,3.97,112.0
2018-11-01 11:00:00,139.39,4.01,116.0
2018-11-01 12:00:00,133.75000000000003,4.01,104.0
2018-11-01 13:00:00,147.09333333333333,3.97,109.0
2018-11-01 14:00:00,149.92999999999998,2.37,129.0
2018-11-01 15:00:00,154.43,2.15,117.0
2018-11-01 16:00:00,167.89333333333332,3.53,92.0
2018-11-01 17:00:00,167.35,3.74,91.0
2018-11-01 18:00:00,165.595,3.49,97.0
2018-11-01 19:00:00,174.405,3.01,69.0
2018-11-01 20:00:00,226.17666666666665,3.05,65.0
2018-11-01 21:00:00,215.165,3.31,80.0
2018-11-01 22:00:00,182.07000000000002,2.79,74.0
2018-11-01 23:00:00,157.29,1.12,80.0
2018-11-02 00:00:00,149.995,0.0,0.0
2018-11-02 01:00:00,144.04,0.0,0.0
2018-11-02 02:00:00,155.55,0.0,0.0
2018-11-02 03:00:00,152.84,0.0,0.0
2018-11-02 04:00:00,136.16333333333333,1.68,80.0
2018-11-02 05:00:00,111.02999999999999,3.34,85.0
2018-11-02 06:00:00,101.03000000000002,4.02,90.0
2018-11-02 07:00:00,96.865,3.2,93.0
2018-11-02 08:00:00,106.63,2.19,117.0
2018-11-02 09:00:00,154.57,3.09,138.0
2018-11-02 10:00:00,0.0,3.47,145.0
2018-11-02 11:00:00,57.355,3.18,145.0
2018-11-02 12:00:00,0.0,0.87,119.0
2018-11-02 13:00:00,58.96,1.43,81.0
2018-11-02 14:00:00,110.445,4.78,83.0
2018-11-02 15:00:00,131.42666666666665,6.06,72.0
2018-11-02 16:00:00,126.2,5.19,72.0
2018-11-02 17:00:00,144.31999999999996,5.38,76.0
2018-11-02 18:00:00,140.65,6.19,92.0
2018-11-02 19:00:00,158.39999999999998,5.51,101.0
2018-11-02 20:00:00,169.04333333333332,4.38,101.0
2018-11-02 21:00:00,159.39000000000001,5.79,106.0
2018-11-02 22:00:00,168.77,6.35,114.0
2018-11-02 23:00:00,196.92333333333332,6.35,126.0
2018-11-03 00:00:00,212.24666666666667,6.27,121.0
2018-11-03 01:00:00,201.25666666666666,6.36,105.0
2018-11-03 02:00:00,190.69000000000003,6.36,105.0
2018-11-03 03:00:00,163.985,5.8,105.0
2018-11-03 04:00:00,132.45499999999998,5.8,105.0
2018-11-03 05:00:00,140.09333333333333,3.85,85.0
2018-11-03 06:00:00,136.17666666666665,3.36,41.0
2018-11-03 07:00:00,134.62,3.62,93.0
2018-11-03 08:00:00,126.475,6.29,109.0
2018-11-03 09:00:00,119.24,6.55,97.0
2018-11-03 10:00:00,130.905,6.98,85.0
2018-11-03 11:00:00,130.84333333333333,7.05,87.0
2018-11-03 12:00:00,114.82,7.11,85.0
2018-11-03 13:00:00,103.70333333333333,7.96,82.0
2018-11-03 14:00:00,107.11749999999999,9.03,97.0
2018-11-03 15:00:00,105.8,10.03,93.0
2018-11-03 16:00:00,103.64,9.49,76.0
2018-11-03 17:00:00,103.59,8.66,68.0
2018-11-03 18:00:00,126.3725,8.84,89.0
2018-11-03 19:00:00,83.46000000000001,10.29,106.0
2018-11-03 20:00:00,66.685,10.21,113.0
2018-11-07 00:00:00,147.505,5.23,264.0
2018-11-07 01:00:00,101.43666666666667,4.02,270.0
2018-11-07 02:00:00,124.50333333333333,3.31,260.0
2018-11-07 03:00:00,134.36,1.68,251.0
2018-11-07 04:00:00,129.60000000000002,2.34,221.0
2018-11-07 05:00:00,115.71666666666665,4.69,221.0
2018-11-07 06:00:00,90.94999999999999,5.18,231.0
2018-11-07 07:00:00,79.25,4.9,242.0
2018-11-07 08:00:00,81.5675,4.57,237.0
2018-11-07 09:00:00,69.93333333333332,4.74,252.0
2018-11-07 10:00:00,47.07,4.18,271.0
2018-11-07 11:00:00,49.35333333333333,4.47,271.0
2018-11-07 12:00:00,56.98333333333333,7.33,269.0
2018-11-07 13:00:00,67.71333333333332,7.18,276.0
2018-11-07 14:00:00,92.58666666666666,7.31,285.0
2018-11-07 15:00:00,137.60666666666668,8.8,278.0
2018-11-07 16:00:00,346.17333333333335,7.47,276.0
2018-11-07 17:00:00,324.65,4.93,274.0
2018-11-07 18:00:00,287.65,3.5,270.0
2018-11-07 19:00:00,462.78999999999996,1.75,270.0
2018-11-07 20:00:00,514.1666666666666,0.0,0.0
2018-11-07 21:00:00,512.5833333333334,0.0,0.0
2018-11-07 22:00:00,635.1899999999999,0.0,0.0
2018-11-07 23:00:00,907.205,0.0,0.0
2018-11-08 00:00:00,582.13,0.0,0.0
2018-11-08 01:00:00,593.5,0.0,0.0
2018-11-08 02:00:00,570.03,0.0,0.0
2018-11-08 03:00:00,467.90333333333325,0.0,0.0
2018-11-08 04:00:00,329.545,0.0,0.0
2018-11-08 05:00:00,230.34,0.0,0.0
2018-11-08 06:00:00,121.47000000000001,0.0,0.0
2018-11-08 07:00:00,112.35,0.0,0.0
2018-11-08 08:00:00,140.10000000000002,0.0,0.0
2018-11-08 09:00:00,194.64666666666668,0.0,0.0
2018-11-08 10:00:00,217.42,0.0,0.0
2018-11-08 12:00:00,206.98,1.96,325.0
2018-11-08 13:00:00,203.78999999999996,2.8,333.0
2018-11-08 14:00:00,202.54,2.83,339.0
2018-11-08 15:00:00,204.85333333333332,2.66,355.0
2018-11-08 16:00:00,244.24333333333334,1.33,355.0
2018-11-08 17:00:00,300.57666666666665,0.0,0.0
2018-11-08 18:00:00,303.745,0.0,0.0
2018-11-08 19:00:00,313.3333333333333,0.0,0.0
2018-11-08 20:00:00,318.62666666666667,0.0,0.0
2018-11-08 21:00:00,377.185,0.0,0.0
2018-11-08 22:00:00,383.5166666666667,0.0,0.0
2018-11-08 23:00:00,446.16499999999996,0.0,0.0
2018-11-09 00:00:00,467.15333333333336,0.0,0.0
2018-11-09 01:00:00,451.92,0.0,0.0
2018-11-09 02:00:00,370.54,0.0,0.0
2018-11-09 03:00:00,339.505,0.0,0.0
2018-11-09 04:00:00,377.47333333333336,0.0,0.0
2018-11-09 05:00:00,266.96500000000003,0.0,0.0
2018-11-09 06:00:00,166.57,0.0,0.0
2018-11-09 07:00:00,126.19,0.0,0.0
2018-11-09 08:00:00,116.15333333333332,0.0,0.0
2018-11-09 09:00:00,111.20500000000001,0.0,0.0
2018-11-09 10:00:00,104.49,0.27,180.0
2018-11-09 13:00:00,164.93666666666664,3.19,250.0
2018-11-09 14:00:00,174.93999999999997,3.92,268.0
2018-11-09 15:00:00,196.57333333333335,4.46,283.0
2018-11-09 16:00:00,203.485,4.7,280.0
2018-11-09 17:00:00,221.16333333333333,3.66,278.0
2018-11-09 18:00:00,225.655,1.5,290.0
2018-11-09 19:00:00,271.40000000000003,0.0,0.0
2018-11-09 20:00:00,275.7966666666667,0.0,0.0
2018-11-09 21:00:00,278.655,0.0,0.0
2018-11-09 22:00:00,271.61,0.0,0.0
2018-11-09 23:00:00,257.20000000000005,0.0,0.0
2018-11-10 00:00:00,291.68,0.0,0.0
2018-11-10 01:00:00,287.83,0.0,0.0
2018-11-10 02:00:00,288.91,0.0,0.0
2018-11-10 03:00:00,278.48,0.0,0.0
2018-11-10 04:00:00,251.175,0.0,0.0
2018-11-10 05:00:00,167.03333333333333,0.0,0.0
2018-11-10 06:00:00,134.3,0.0,0.0
2018-11-10 07:00:00,131.73666666666668,0.0,0.0
2018-11-10 08:00:00,148.8,0.0,0.0
2018-11-10 09:00:00,157.0625,0.0,0.0
2018-11-10 10:00:00,183.745,0.55,80.0
2018-11-10 11:00:00,229.025,1.41,102.0
2018-11-10 12:00:00,225.83499999999998,2.05,80.0
2018-11-10 13:00:00,212.54000000000002,1.66,109.0
2018-11-10 14:00:00,240.64,2.75,131.0
2018-11-10 15:00:00,297.6566666666667,3.22,83.0
2018-11-10 16:00:00,252.325,3.43,62.0
2018-11-10 17:00:00,235.07000000000002,2.74,79.0
2018-11-10 18:00:00,253.78,2.4,95.0
2018-11-10 19:00:00,275.63000000000005,2.06,94.0
2018-11-10 20:00:00,306.91333333333336,2.54,101.0
2018-11-10 21:00:00,256.81,3.3,90.0
2018-11-10 22:00:00,244.40333333333334,4.01,86.0
2018-11-10 23:00:00,195.38333333333335,2.34,90.0
2018-11-11 00:00:00,223.9666666666667,1.68,101.0
2018-11-11 01:00:00,233.94,1.68,101.0
2018-11-11 02:00:00,199.33499999999998,0.0,0.0
2018-11-11 03:00:00,180.07999999999998,0.0,0.0
2018-11-11 04:00:00,149.90333333333334,2.34,50.0
2018-11-11 05:00:00,150.19,3.64,71.0
2018-11-11 06:00:00,119.87333333333333,3.8,123.0
2018-11-11 07:00:00,115.94000000000001,3.54,136.0
2018-11-11 08:00:00,93.37333333333333,1.2,131.0
2018-11-11 09:00:00,100.3,1.04,143.0
2018-11-11 11:00:00,93.71,1.84,289.0
2018-11-11 12:00:00,118.46,3.9,320.0
2018-11-11 13:00:00,128.87,2.77,354.0
2018-11-11 14:00:00,180.28999999999996,2.93,32.0
2018-11-11 15:00:00,181.86,2.15,63.0
2018-11-11 16:00:00,196.04999999999998,1.73,110.0
2018-11-11 17:00:00,193.73333333333335,1.72,105.0
2018-11-11 18:00:00,192.195,2.53,94.0
2018-11-11 19:00:00,229.65,3.36,90.0
2018-11-11 20:00:00,219.4766666666667,3.36,90.0
2018-11-11 21:00:00,213.36333333333334,1.68,90.0
2018-11-12 04:00:00,155.17000000000002,1.12,71.0
2018-11-12 05:00:00,141.41,3.36,91.0
2018-11-12 06:00:00,123.11000000000001,2.34,101.0
2018-11-12 07:00:00,103.7,1.2,90.0
2018-11-12 08:00:00,84.81666666666666,1.14,63.0
2018-11-12 09:00:00,101.755,1.21,74.0
2018-11-12 10:00:00,105.07,1.9,330.0
2018-11-12 11:00:00,148.42,2.18,316.0
2018-11-12 12:00:00,172.62,2.49,310.0
2018-11-12 13:00:00,182.23,2.45,324.0
2018-11-12 14:00:00,179.87,2.15,18.0
2018-11-12 15:00:00,180.175,2.28,60.0
2018-11-12 16:00:00,220.69333333333336,0.86,80.0
2018-11-12 17:00:00,239.75,1.68,90.0
2018-11-12 18:00:00,245.76,1.68,90.0
2018-11-12 19:00:00,195.67,0.0,0.0
2018-11-12 20:00:00,166.17000000000002,0.0,0.0
2018-11-12 21:00:00,175.13333333333333,0.0,0.0
2018-11-13 00:00:00,176.875,0.0,0.0
2018-11-13 01:00:00,200.285,0.0,0.0
2018-11-13 02:00:00,224.8,0.0,0.0
2018-11-13 03:00:00,245.1,0.0,0.0
2018-11-13 04:00:00,245.49666666666667,0.0,0.0
2018-11-13 05:00:00,197.01,2.34,101.0
2018-11-13 06:00:00,168.24666666666667,3.78,84.0
2018-11-13 07:00:00,148.275,3.89,78.0
2018-11-13 08:00:00,144.57,2.87,75.0
2018-11-13 09:00:00,178.17000000000002,2.16,62.0
2018-11-13 10:00:00,181.53500000000003,3.64,100.0
2018-11-13 11:00:00,177.2175,3.98,136.0
2018-11-13 12:00:00,166.89,3.43,122.0
2018-11-13 13:00:00,196.49749999999997,3.97,92.0
2018-11-13 14:00:00,183.39,3.62,88.0
2018-11-13 15:00:00,199.66666666666666,4.01,73.0
2018-11-13 16:00:00,208.96333333333334,3.43,56.0
2018-11-13 17:00:00,194.63750000000002,3.43,55.0
2018-11-13 18:00:00,153.885,3.92,72.0
2018-11-13 19:00:00,148.595,4.85,79.0
2018-11-13 20:00:00,130.51333333333332,5.62,95.0
2018-11-13 21:00:00,107.93666666666667,4.58,106.0
2018-11-13 22:00:00,110.7925,1.96,206.0
2018-11-13 23:00:00,65.8,1.68,60.0
2018-11-14 00:00:00,52.94,4.97,95.0
2018-11-14 01:00:00,41.425,4.18,142.0
2018-11-14 02:00:00,46.61,5.15,110.0
2018-11-14 03:00:00,66.62,5.49,94.0
2018-11-14 04:00:00,79.29,1.11,180.0
2018-11-14 05:00:00,69.88,5.62,215.0
2018-11-14 06:00:00,63.35,1.11,150.0
2018-11-14 07:00:00,32.81,4.67,45.0
2018-11-14 08:00:00,101.87333333333333,2.35,68.0
2018-11-14 09:00:00,145.095,1.69,124.0
2018-11-14 10:00:00,235.91500000000002,2.72,88.0
2018-11-14 11:00:00,100.22,4.71,94.0
2018-11-14 12:00:00,106.31,4.97,110.0
2018-11-14 13:00:00,110.78333333333335,3.65,135.0
2018-11-14 14:00:00,120.13,4.01,135.0
2018-11-14 15:00:00,123.57,4.86,120.0
2018-11-14 16:00:00,129.19,5.46,124.0
2018-11-14 17:00:00,124.535,4.91,125.0
2018-11-14 18:00:00,80.56666666666666,4.04,121.0
2018-11-14 19:00:00,38.32666666666667,4.26,112.0
2018-11-14 20:00:00,52.27333333333333,4.01,96.0
2018-11-14 21:00:00,64.17,1.68,90.0
2018-11-14 22:00:00,75.34333333333335,2.91,60.0
2018-11-14 23:00:00,77.02,6.03,95.0
2018-11-15 00:00:00,96.57000000000001,6.93,120.0
2018-11-15 01:00:00,103.78333333333335,5.82,120.0
2018-11-15 02:00:00,97.1675,5.23,115.0
2018-11-15 03:00:00,91.435,3.66,89.0
2018-11-15 04:00:00,68.12333333333333,1.68,60.0
2018-11-15 05:00:00,68.92999999999999,4.02,320.0
2018-11-15 06:00:00,70.66499999999999,4.27,352.0
2018-11-15 07:00:00,196.73250000000002,5.23,66.0
2018-11-15 08:00:00,104.61000000000001,5.17,61.0
2018-11-15 09:00:00,107.09666666666665,3.98,60.0
2018-11-15 10:00:00,81.81666666666666,2.85,60.0
2018-11-15 11:00:00,82.41999999999999,1.92,24.0
2018-11-15 12:00:00,87.80333333333333,2.65,325.0
2018-11-15 13:00:00,108.21333333333332,3.5,302.0
2018-11-15 14:00:00,138.95,3.41,320.0
2018-11-16 00:00:00,193.67999999999998,5.79,266.0
2018-11-16 02:00:00,221.36999999999998,4.06,290.0
2018-11-16 03:00:00,193.1933333333333,3.86,285.0
2018-11-16 04:00:00,166.10333333333332,5.17,239.0
2018-11-16 05:00:00,164.93666666666664,5.62,245.0
2018-11-16 06:00:00,117.41666666666667,6.35,265.0
2018-11-16 07:00:00,79.13,7.45,273.0
2018-11-16 08:00:00,73.435,7.13,271.0
2018-11-16 09:00:00,71.725,7.21,268.0
2018-11-16 10:00:00,69.1975,9.71,273.0
2018-11-16 12:00:00,77.4,11.43,269.0
2018-11-16 13:00:00,82.62,12.9,273.0
2018-11-16 15:00:00,111.25999999999999,10.63,276.0
2018-11-16 16:00:00,111.31666666666666,9.15,280.0
2018-11-16 17:00:00,99.00666666666667,7.17,282.0
2018-11-16 18:00:00,93.52333333333333,6.21,267.0
2018-11-16 19:00:00,85.76333333333332,6.09,255.0
2018-11-16 20:00:00,89.68333333333334,6.36,253.0
2018-11-16 22:00:00,97.81666666666666,6.92,256.0
2018-11-16 23:00:00,111.80333333333333,4.62,260.0
2018-11-17 00:00:00,142.36666666666667,4.67,265.0
2018-11-17 01:00:00,145.83,4.01,264.0
2018-11-17 02:00:00,128.73,4.01,264.0
2018-11-17 03:00:00,141.81,3.97,251.0
2018-11-17 17:00:00,140.8,5.12,282.0
2018-11-17 18:00:00,129.82,3.06,255.0
2018-11-17 19:00:00,123.565,2.37,240.0
2018-11-17 20:00:00,125.96,1.2,251.0
2018-11-17 21:00:00,132.87,0.0,0.0
2018-11-17 22:00:00,127.21,0.0,0.0
2018-11-17 23:00:00,117.8325,0.0,0.0
2018-11-18 00:00:00,127.7725,0.0,0.0
2018-11-18 01:00:00,136.1825,0.0,0.0
2018-11-18 02:00:00,102.59,0.0,0.0
2018-11-18 03:00:00,94.935,0.0,0.0
2018-11-18 04:00:00,87.60499999999999,0.0,0.0
2018-11-18 05:00:00,66.07000000000001,0.0,0.0
2018-11-18 06:00:00,55.79666666666666,0.0,0.0
2018-11-18 07:00:00,49.68666666666667,0.0,0.0
2018-11-18 08:00:00,65.66,0.0,0.0
2018-11-18 09:00:00,53.62,0.86,150.0
2018-11-18 10:00:00,48.815,2.35,157.0
2018-11-18 11:00:00,62.875,3.11,148.0
2018-11-18 12:00:00,78.495,3.97,142.0
2018-11-18 13:00:00,78.3,4.69,130.0
2018-11-18 14:00:00,97.11,4.84,120.0
2018-11-18 16:00:00,103.005,4.57,109.0
2018-11-18 17:00:00,103.39,3.99,105.0
2018-11-18 18:00:00,95.22,2.9,99.0
2018-11-18 19:00:00,88.85499999999999,2.64,101.0
2018-11-18 20:00:00,86.845,4.68,106.0
2018-11-18 21:00:00,94.08,5.82,110.0
2018-11-18 22:00:00,91.53250000000001,5.8,105.0
2018-11-18 23:00:00,110.315,5.23,96.0
2018-11-19 00:00:00,99.49333333333334,5.73,102.0
2018-11-19 01:00:00,94.86000000000001,6.38,110.0
2018-11-19 02:00:00,84.34,5.82,110.0
2018-11-19 03:00:00,74.12333333333333,5.74,100.0
2018-11-19 04:00:00,71.775,6.29,101.0
2018-11-19 07:00:00,80.61,6.32,116.0
2018-11-19 08:00:00,69.565,5.49,115.0
2018-11-19 09:00:00,78.17,5.66,124.0
2018-11-19 11:00:00,76.92,6.6,131.0
2018-11-19 13:00:00,79.68,6.32,108.0
2018-11-19 14:00:00,99.31,5.79,89.0
